item_id,template_id
196722,43275.
196723,43275.
196724,43275.
196725,43275
196726,43275.
196727,43275.
196728,43279.
196729,43279.
196730,43279.
196731,43279.
196732,43279.
196733,43279.
196734,43279.
196735,43279.
196736,43279.
196737,43279.
196738,43279.
196739,43279.
196740,43279.
196741,43279.
196742,43286.
196743,43286.
196744,43286.
196745,43286.
196746,43286.
196747,43286.
196748,43286.
196749,43287.
196750,43287.
196751,43287.
196752,43287.
196753,43287.
196754,43287.
196755,43287.
203020,43275.
203021,43275.
203022,43275.
203023,43275.
203024,43275.
203025,43275.
203026,43275.
203027,43286.
203028,43286.
203029,43286.
203030,43286.
203031,43286.
203032,43286.
203033,43286.
203034,43287.
203035,43287.
203036,43287.
203037,43287.
203038,43287.
203039,43287.
203040,43287.
203041,43298.
203042,43298.
203043,43298.
203044,43298.
203045,43298.
203046,43298.
203047,43298.
203048,43298.
203049,43298.
203050,43298.
203051,43298.
203052,43298.
203053,43298.
203054,43298.
188131,41105.
188132,41105.
188133,41105.
188134,41105.
188135,41105.
188136,41105.
188137,41105.
188138,41105.
188139,41105.
188140,41105.
188141,41105.
188142,41105.
188143,41105.
188144,41105.
188145,41108.
188146,41108.
188147,41108.
188148,41108.
188149,41108.
188150,41108.
188151,41108.
188152,41108.
188153,41108.
188154,41108.
188155,41108.
188156,41108.
188157,41108.
188158,41108.
188173,41604.
188174,41604.
188175,41604.
188176,41604.
188177,41604.
188178,41604.
188179,41604.
188180,41604.
188181,41604.
188182,41604.
188183,41604.
188184,41604.
188185,41604.
188186,41604.
188215,41611.
188216,41611.
188217,41611.
188218,41611.
188219,41611.
188220,41611.
188221,41611.
188222,41611.
188223,41611.
188224,41611.
188225,41611.
188226,41611.
188227,41611.
188228,41611.
188187,41612.
188188,41612.
188189,41612.
188190,41612.
188191,41612.
188192,41612.
188193,41612.
189619,41612.
188194,41612.
188195,41612.
188196,41612.
188197,41612.
188198,41612.
188199,41612.
188200,41612.
188201,41613.
188202,41613.
188203,41613.
188204,41613.
188205,41613.
188206,41613.
188207,41613.
188208,41613.
188209,41613.
188210,41613.
188211,41613.
188212,41613.
188213,41613.
188214,41613.
210563,41801.
210564,41801.
210565,41801.
210566,41801.
210567,41801.
210568,41801.
210569,41801.
210577,42008.
210578,42008.
210579,42008.
210580,42008.
210581,42008.
210582,42008.
210583,42008.
210570,42008.
210571,42008.
210572,42008.
210573,42008.
210576,42008.
210430,5009.
210431,5009.
210433,5009.
210434,5009.
210435,5009.
210436,5009.
210423,5009.
210424,5009.
210425,5009.
210426,5009.
210427,5009.
210428,5009.
210429,5009.
210444,5013.
210445,5013.
210446,5013.
210447,5013.
210448,5013.
210449,5013.
210450,5013.
210438,5013.
210439,5013.
210440,5013.
210441,5013.
210442,5013.
210443,5013.
210458,5017.
210460,5017.
210461,5017.
210462,5017.
210463,5017.
210464,5017.
210451,5017.
210452,5017.
210453,5017.
210454,5017.
210455,5017.
210456,5017.
210457,5017.
188243,9004.
188244,9004.
188245,9004.
188246,9004.
188247,9004.
188248,9004.
188249,9004.
188250,9004.
188251,9004.
188252,9004.
188253,9004.
188254,9004.
188255,9004.
188256,9004.
188271,9330.
188272,9330.
188273,9330.
188274,9330.
188275,9330.
188276,9330.
188277,9330.
188278,9330.
188279,9330.
188280,9330.
188281,9330.
188282,9330.
188283,9330.
188284,9330.
188285,9331.
188286,9331.
188287,9331.
188288,9331.
188289,9331.
188290,9331.
188291,9331.
188292,9331.
188293,9331.
188294,9331.
188295,9331.
188296,9331.
188297,9331.
188298,9331.
188299,9332.
188300,9332.
188301,9332.
188302,9332.
188303,9332.
188304,9332.
188305,9332.
188306,9332.
188307,9332.
188308,9332.
188309,9332.
188310,9332.
188311,9332.
188312,9332.
188313,9335.
188314,9335.
188315,9335.
188316,9335.
188317,9335.
188318,9335.
188319,9335.
188320,9335.
188321,9335.
188322,9335.
188323,9335.
188324,9335.
188325,9335.
188326,9335.
210416,4302.
210417,4302.
210418,4302.
210419,4302.
210420,4302.
210421,4302.
210422,4302.
210409,4302.
210410,4302.
210411,4302.
210412,4302.
210413,4302.
210414,4302.
210415,4302.
210388,4316.
210389,4316.
210390,4316.
210391,4316.
210392,4316.
210393,4316.
210394,4316.
210381,4316.
210382,4316.
210383,4316.
210384,4316.
210385,4316.
210386,4316.
210387,4316.
188383,9334.
188384,9334.
188385,9334.
188386,9334.
188387,9334.
188388,9334.
188389,9334.
188390,9334.
188391,9334.
188392,9334.
188393,9334.
188394,9334.
188395,9334.
188396,9334.
188397,9338.
188398,9338.
188399,9338.
188400,9338.
188401,9338.
188402,9338.
188403,9338.
188404,9338.
188405,9338.
188406,9338.
188407,9338.
188408,9338.
188409,9338.
188410,9338.
210402,4317.
210403,4317.
210404,4317.
210405,4317.
210406,4317.
210407,4317.
210408,4317.
210395,4317.
210396,4317.
210397,4317.
210398,4317.
210399,4317.
210400,4317.
210401,4317.
230490,43205.
230491,43205.
230492,43205.
230493,43205.
230494,43205.
230495,43205.
230496,43205.
230497,43205.
230498,43205.
230499,43205.
230500,43205.
230501,43205.
230502,43205.
230503,43205.
230462,43301.
230463,43301.
230464,43301.
230465,43301.
230466,43301.
230467,43301.
230468,43301.
230469,43301.
230470,43301.
230471,43301.
230472,43301.
230473,43301.
230474,43301.
230475,43301.
230448,43302.
230449,43302.
230450,43302.
230451,43302.
230452,43302.
230453,43302.
230454,43302.
230455,43302.
230456,43302.
230457,43302.
230458,43302.
230459,43302.
230460,43302.
230461,43302.
230476,43305.
230477,43305.
230478,43305.
230479,43305.
230480,43305.
230481,43305.
230482,43305.
230483,43305.
230484,43305.
230485,43305.
230486,43305.
230487,43305.
230488,43305.
230489,43305.
208944,4916.
208945,4916.
208946,4916.
208947,4916.
208948,4916.
208949,4916.
208950,4916.
208951,4916.
208952,4916.
208953,4916.
208954,4916.
208955,4916.
232864,7633.
232865,7633.
232866,7633.
232867,7633.
232868,7633.
232869,7633.
232870,7633.
232871,7633.
232872,7633.
232873,7633.
232874,7633.
232875,7633.
232852,7637.
232853,7637.
232854,7637.
232855,7637.
232856,7637.
232857,7637.
232858,7637.
232859,7637.
232860,7637.
232861,7637.
232862,7637.
232863,7637.
232882,7657.
232883,7657.
232884,7657.
232885,7657.
232886,7657.
232887,7657.
232876,7657.
232877,7657.
232878,7657.
232879,7657.
232880,7657.
232881,7657.
232738,7677.
232739,7677.
232740,7677.
232741,7677.
232742,7677.
232743,7677.
232732,7677.
232733,7677.
232734,7677.
232735,7677.
232736,7677.
232737,7677.
232816,7686.
232817,7686.
232818,7686.
232819,7686.
232820,7686.
232821,7686.
232822,7686.
232823,7686.
232824,7686.
232825,7686.
232826,7686.
232827,7686.
232786,7687.
232787,7687.
232788,7687.
232789,7687.
232790,7687.
232791,7687.
232780,7687.
232781,7687.
232782,7687.
232783,7687.
232784,7687.
232785,7687.
232708,7705.
232709,7705.
232710,7705.
232711,7705.
232712,7705.
232713,7705.
232714,7705.
232715,7705.
232716,7705.
232717,7705.
232718,7705.
232719,7705.
232828,7722.
232829,7722.
232830,7722.
232831,7722.
232832,7722.
232833,7722.
232834,7722.
232835,7722.
232836,7722.
232837,7722.
232838,7722.
232839,7722.
232810,7727.
232811,7727.
232812,7727.
232813,7727.
232814,7727.
232815,7727.
232804,7727.
232805,7727.
232806,7727.
232807,7727.
232808,7727.
232809,7727.
232744,7741.
232745,7741.
232746,7741.
232747,7741.
232748,7741.
232749,7741.
232750,7741.
232751,7741.
232752,7741.
232753,7741.
232754,7741.
232755,7741.
232756,7754.
232757,7754.
232758,7754.
232759,7754.
232760,7754.
232761,7754.
232762,7754.
232763,7754.
232764,7754.
232765,7754.
232766,7754.
232767,7754.
232846,7757.
232847,7757.
232848,7757.
232849,7757.
232850,7757.
232851,7757.
232840,7757.
232841,7757.
232842,7757.
232843,7757.
232844,7757.
232845,7757.
232792,7790.
232793,7790.
232794,7790.
232795,7790.
232796,7790.
232797,7790.
232798,7790.
232799,7790.
232800,7790.
232801,7790.
232802,7790.
232803,7790.
232702,7793.
232703,7793.
232704,7793.
232705,7793.
232706,7793.
232707,7793.
232696,7793.
232697,7793.
232698,7793.
232699,7793.
232700,7793.
232701,7793.
232726,7815.
232727,7815.
232728,7815.
232729,7815.
232730,7815.
232731,7815.
232720,7815.
232721,7815.
232722,7815.
232723,7815.
232724,7815.
232725,7815.
230051,1150.
230052,1150.
230053,1150.
230054,1150.
230055,1150.
230056,1150.
230045,1150.
230046,1150.
230047,1150.
230048,1150.
230049,1150.
230050,1150.
230009,240.
230010,240.
230011,240.
230012,240.
230013,240.
230014,240.
230015,240.
230016,240.
230017,240.
230018,240.
230019,240.
230020,240.
230027,242.
230028,242.
230029,242.
230030,242.
230031,242.
230032,242.
230021,242.
230022,242.
230023,242.
230024,242.
230025,242.
230026,242.
228605,258.
228606,258.
228607,258.
228608,258.
228609,258.
228610,258.
228611,258.
228612,258.
228613,258.
228614,258.
228615,258.
228616,258.
230039,320.
230040,320.
230041,320.
230042,320.
230043,320.
230044,320.
230033,320.
230034,320.
230035,320.
230036,320.
230037,320.
230038,320.
228641,323.
228642,323.
228643,323.
228644,323.
228645,323.
228646,323.
228647,323.
228648,323.
228649,323.
228650,323.
228651,323.
228652,323.
228659,337.
228660,337.
228661,337.
228662,337.
228663,337.
228664,337.
228653,337.
228654,337.
228655,337.
228656,337.
228657,337.
228658,337.
230081,4015.
230082,4015.
230083,4015.
230084,4015.
230085,4015.
230086,4015.
230075,4015.
230076,4015.
230077,4015.
230078,4015.
230079,4015.
230080,4015.
228551,133.
228552,133.
228553,133.
228554,133.
228555,133.
228556,133.
228545,133.
228546,133.
228547,133.
228548,133.
228549,133.
228550,133.
228563,2000.
228564,2000.
228565,2000.
228566,2000.
228567,2000.
228568,2000.
228557,2000.
228558,2000.
228559,2000.
228560,2000.
228561,2000.
228562,2000.
236150,203.
236151,203.
236152,203.
236153,203.
236154,203.
236155,203.
236156,203.
236157,203.
236158,203.
236159,203.
236160,203.
236161,203.
236354,1020.
236355,1020.
236356,1020.
236357,1020.
236358,1020.
236359,1020.
236360,1020.
236361,1020.
236362,1020.
236363,1020.
236364,1020.
236365,1020.
236366,1022.
236367,1022.
236368,1022.
236369,1022.
236370,1022.
236371,1022.
236372,1022.
236373,1022.
236374,1022.
236375,1022.
236376,1022.
236377,1022.
236186,1150.
236187,1150.
236188,1150.
236189,1150.
236190,1150.
236191,1150.
236192,1150.
236193,1150.
236194,1150.
236195,1150.
236196,1150.
236197,1150.
248247,2003.
248248,2003.
248249,2003.
248250,2003.
248251,2003.
248252,2003.
248283,2005.
248284,2005.
248285,2005.
248286,2005.
248287,2005.
248288,2005.
226949,1965.
226950,1965.
226951,1965.
226952,1965.
226953,1965.
226954,1965.
226936,372.
226937,372.
226938,372.
226955,5205.
226956,5360.
226957,5360.
200153,7313.
200154,7313.
200155,7313.
200156,7313.
200157,7313.
200158,7313.
200225,7313.
200226,7313.
200227,7313.
200228,7313.
200229,7313.
200230,7313.
200147,7313.
200148,7313.
200149,7313.
200150,7313.
200151,7313.
200152,7313.
200219,7313.
200220,7313.
200221,7313.
200222,7313.
200223,7313.
200224,7313.
200141,7318.
200142,7318.
200143,7318.
200144,7318.
200145,7318.
200146,7318.
200213,7318.
200214,7318.
200215,7318.
200216,7318.
200217,7318.
200218,7318.
200137,7318.
200138,7318.
200139,7318.
200140,7318.
200207,7318.
200208,7318.
200209,7318.
200210,7318.
200211,7318.
200212,7318.
200778,12758.
200779,12758.
200780,12758.
200781,12758.
200782,12758.
200783,12761.
200784,12761.
200785,12761.
200786,12761.
200787,12761.
200788,12761.
200789,12761.
200790,12761.
200791,12761.
200792,12761.
200753,7654.
200754,7654.
200755,7654.
200756,7654.
200757,7654.
200758,7654.
200759,7654.
200760,7654.
200761,7654.
200762,7654.
194086,6259.
194087,6259.
194088,6259.
194089,6259.
194090,6259.
194091,6259.
194092,6259.
194093,6259.
194094,6259.
194095,6259.
194096,6259.
194097,6259.
200843,2822.
200844,2822.
200845,2822.
200846,2822.
200847,2822.
200848,7604.
200849,7604.
200850,7604.
200851,7604.
200852,7604.
200853,7604.
200854,7604.
200855,7604.
200856,7604.
200857,7604.
231788,9511.
231789,9511.
231790,9511.
231791,9511.
231792,9511.
231793,9511.
220180,349.
220177,349.
220176,349.
220175,349.
220178,349.
220174,349.
220179,349.
220187,349.
220184,349.
220183,349.
220182,349.
220185,349.
220181,349.
220186,349.
60980,763.
60981,763.
60982,763.
60983,763.
60984,763.
60985,763.
60986,763.
60987,763.
60988,763.
60989,763.
60990,763.
60991,763.
60992,763.
60993,763.
60994,763.
60995,763.
60996,763.
60997,763.
60998,763.
60999,763.
61000,763.
61001,763.
61002,763.
61003,763.
61004,763.
61005,763.
61006,763.
61007,763.
61008,763.
61009,763.
61010,763.
61011,763.
61012,763.
61013,763.
61014,763.
61015,763.
61016,763.
61017,763.
61018,763.
61019,763.
61020,763.
61021,763.
61022,763.
61023,763.
61024,763.
61025,763.
61026,763.
61027,763.
61028,763.
61029,763.
61030,763.
61031,763.
61032,763.
61033,763.
61034,763.
61035,763.
61036,763.
61037,763.
61038,763.
61039,763.
61040,763.
61041,763.
61042,763.
61043,763.
61044,763.
61045,763.
61046,763.
61047,763.
61048,763.
61049,763.
61050,763.
61051,763.
61052,763.
61053,763.
61054,763.
61055,763.
61056,763.
61057,763.
61058,763.
61059,763.
61060,763.
61061,763.
61062,763.
61063,763.
61064,763.
61065,763.
61066,763.
61067,763.
61068,763.
61069,763.
61070,763.
61071,763.
61072,763.
61073,763.
61074,763.
61075,763.
61076,763.
61077,763.
61078,763.
61079,763.
61080,763.
61081,763.
61082,763.
61083,763.
61084,763.
61085,763.
61086,763.
61087,763.
61088,763.
61089,763.
61090,763.
61091,763.
71506,56464.
71507,56464.
71508,56464.
71509,56464.
61415,56464.
61416,56464.
61417,56464.
71510,56464.
71511,56464.
71512,56464.
71513,56464.
71514,56464.
71515,56464.
71516,56464.
71517,56464.
61418,56464.
61419,56464.
61420,56464.
61421,56464.
61422,56464.
61423,56464.
61424,56464.
61425,56464.
71518,56464.
71519,56464.
71520,56464.
71521,56464.
75061,23080.
60824,23080.
60825,23080.
60826,23080.
75062,23080.
60828,23080.
75063,23080.
60829,23080.
60830,23080.
75064,23080.
60831,23080.
60832,23080.
60833,23080.
75065,23080.
60834,23080.
60835,23080.
60836,23080.
75066,23080.
60837,23080.
60838,23080.
60840,23080.
72090,25523.
72091,25523.
72092,25523.
72093,25523.
72094,25523.
72095,25523.
72096,25523.
72097,25523.
72098,25523.
72099,25523.
72100,25523.
72101,25523.
72102,25523.
72103,25523.
72104,25523.
72105,25523.
72106,25523.
75089,25524.
75090,25524.
75091,25524.
75092,25524.
75093,25524.
75094,25524.
75095,25524.
75096,25524.
75097,25524.
75098,25524.
75099,25524.
75100,25524.
75101,25524.
75102,25524.
75103,25524.
75104,25524.
75105,25524.
75106,25524.
73415,25569.
73416,25569.
73417,25569.
73418,25569.
73419,25569.
73420,25569.
73421,25569.
73422,25569.
73423,25569.
73424,25569.
71437,25571.
71438,25571.
71439,25571.
71440,25571.
71441,25571.
71442,25571.
71443,25571.
71444,25571.
71445,25571.
71446,25571.
71447,25571.
71448,25571.
71449,25571.
71450,25571.
71451,25571.
71452,25571.
71453,25571.
71454,25571.
61644,73468.
61645,73468.
61646,73468.
61647,73468.
61648,73468.
61649,73468.
61650,73468.
61651,73468.
61652,73468.
61653,73468.
66543,23358.
66544,23358.
66545,23358.
66546,23358.
78615,56464.
78616,56464.
78617,56464.
78618,56464.
77658,56464.
77659,56464.
77660,56464.
77661,56464.
77662,56464.
78619,56464.
78620,56464.
78621,56464.
78622,56464.
78611,56464.
78612,56464.
78613,56464.
78614,56464.
78623,56464.
78624,56464.
78625,56464.
78626,56464.
91189,763.
91190,763.
91191,763.
91192,763.
91193,763.
91194,763.
91195,763.
91196,763.
91197,763.
91198,763.
91199,763.
91200,763.
91201,763.
91202,763.
91203,763.
91204,763.
91205,763.
91206,763.
91207,763.
91208,763.
91209,763.
91210,763.
91211,763.
91212,763.
91213,763.
91214,763.
91215,763.
91216,763.
91217,763.
91218,763.
91219,763.
91220,763.
91221,763.
91222,763.
91223,763.
91224,763.
91225,763.
91226,763.
91227,763.
91228,763.
91229,763.
91230,763.
91231,763.
91232,763.
91233,763.
91234,763.
91235,763.
91236,763.
91237,763.
91238,763.
91239,763.
91240,763.
91241,763.
91242,763.
91243,763.
91244,763.
91245,763.
91246,763.
91247,763.
91248,763.
91249,763.
91250,763.
91251,763.
91252,763.
91253,763.
91254,763.
91255,763.
91256,763.
91257,763.
91258,763.
91259,763.
91260,763.
91261,763.
91262,763.
91263,763.
91264,763.
91265,763.
91266,763.
91267,763.
91268,763.
97323,763.
97324,763.
97325,763.
97326,763.
97327,763.
97328,763.
97329,763.
97330,763.
97331,763.
97332,763.
97333,763.
97334,763.
97335,763.
97336,763.
97337,763.
97338,763.
97339,763.
97340,763.
97341,763.
97342,763.
91269,763.
91270,763.
91271,763.
91272,763.
91273,763.
91274,763.
91275,763.
91276,763.
91277,763.
91278,763.
91279,763.
91280,763.
91281,763.
91282,763.
91283,763.
91284,763.
91285,763.
91286,763.
91287,763.
91288,763.
97343,763.
97344,763.
97345,763.
97346,763.
97347,763.
97348,763.
97349,763.
97350,763.
97351,763.
97352,763.
97353,763.
97354,763.
97355,763.
97356,763.
97357,763.
97358,763.
97359,763.
97360,763.
97361,763.
97362,763.
97570,56464.
97571,56464.
97572,56464.
97573,56464.
89831,56464.
89832,56464.
89833,56464.
89834,56464.
89835,56464.
89836,56464.
89837,56464.
89838,56464.
97574,56464.
97575,56464.
97576,56464.
97577,56464.
97578,56464.
97579,56464.
97580,56464.
97581,56464.
97582,56464.
97583,56464.
97584,56464.
97585,56464.
126040,56464.
126041,56464.
126042,56464.
126043,56464.
126044,56464.
126045,56464.
126046,56464.
126047,56464.
126048,56464.
126049,56464.
126050,56464.
126051,56464.
126052,56464.
126053,56464.
126054,56464.
126055,56464.
126056,56464.
126057,56464.
126058,56464.
126059,56464.
126060,56464.
126061,56464.
126062,56464.
126063,56464.
139901,56464.
139902,56464.
139903,56464.
139904,56464.
139905,56464.
139906,56464.
139907,56464.
139908,56464.
139909,56464.
139910,56464.
139911,56464.
139912,56464.
139913,56464.
139914,56464.
139915,56464.
139916,56464.
139917,56464.
139918,56464.
139919,56464.
139920,56464.
139921,56464.
139922,56464.
139923,56464.
139924,56464.
144636,56464.
144637,56464.
144638,56464.
144639,56464.
144640,56464.
144641,56464.
144642,56464.
144643,56464.
144644,56464.
144645,56464.
144646,56464.
144647,56464.
144648,56464.
144649,56464.
144650,56464.
144651,56464.
144652,56464.
144653,56464.
144654,56464.
144655,56464.
144656,56464.
144657,56464.
144658,56464.
144659,56464.
197561,46467.
197643,4812.
197644,4812.
197724,56464.
197725,56464.
197726,56464.
197727,56464.
197728,56464.
195495,245.
195496,245.
195497,245.
195498,245.
195499,245.
195500,245.
195501,245.
187784,375.
187785,375.
187786,375.
187787,375.
187788,375.
187789,375.
187796,375.
187797,375.
187798,375.
187799,375.
187800,375.
187790,375.
187791,375.
187792,375.
187793,375.
187794,375.
187795,375.
187801,727.
187802,727.
187803,727.
187804,727.
187805,727.
187806,727.
187807,727.
187808,727.
187809,727.
187810,727.
187811,727.
187812,727.
187813,727.
187814,727.
189620,727.
187815,727.
187816,727.
187817,727.
187818,727.
187819,727.
187820,727.
187821,727.
187822,727.
187823,727.
187824,727.
187825,727.
187826,727.
187827,727.
187828,727.
195571,910.
195572,910.
195573,910.
195574,910.
195575,910.
195576,910.
195577,910.
187829,910.
187830,910.
187831,910.
187832,910.
187833,910.
187834,910.
187835,910.
195578,910.
195579,910.
195580,910.
195581,910.
195582,910.
195583,910.
195584,910.
195564,910.
195565,910.
195566,910.
195567,910.
195568,910.
195569,910.
195570,910.
195585,975.
195586,975.
195587,975.
195588,975.
195589,975.
195590,975.
195591,975.
187836,975.
187837,975.
187838,975.
187839,975.
187840,975.
187841,975.
187842,975.
187843,975.
187844,975.
187845,975.
187846,975.
187847,975.
187848,975.
187849,975.
187850,975.
187851,975.
187852,975.
187853,975.
187854,975.
187855,975.
187856,975.
187857,975.
187858,975.
187859,975.
187860,975.
187861,975.
187862,975.
187863,975.
187864,975.
187865,975.
187866,975.
187867,975.
187868,975.
187869,975.
187870,975.
187871,982.
187872,982.
187873,982.
187874,982.
187875,982.
187876,982.
187877,982.
195592,982.
195593,982.
195594,982.
195595,982.
195596,982.
195597,982.
195598,982.
187878,982.
187879,982.
187880,982.
187881,982.
187882,982.
187883,982.
187884,982.
187885,982.
187886,982.
187887,982.
187888,982.
187889,982.
187890,982.
187891,982.
187906,982.
187907,982.
187908,982.
187909,982.
187910,982.
187911,982.
187912,982.
187899,982.
187900,982.
187901,982.
187902,982.
187903,982.
187904,982.
187905,982.
187892,982.
187893,982.
187894,982.
187895,982.
187896,982.
187897,982.
187898,982.
207818,3594.
207819,3594.
207820,3594.
207821,3594.
207822,3594.
207823,3594.
207824,3594.
207825,3594.
207826,3594.
207827,3594.
207828,245.
207829,245.
207830,245.
207831,245.
207832,245.
207833,245.
207834,245.
207835,245.
207836,245.
207837,245.
207838,245.
207839,245.
207840,245.
207841,245.
207842,245.
207843,245.
207844,245.
207845,245.
207846,245.
207847,245.
207848,245.
207849,245.
207850,245.
207851,245.
207852,245.
207853,245.
207854,245.
207855,245.
207856,245.
207857,245.
207858,245.
207859,245.
207860,245.
207861,245.
207862,245.
207926,982.
207927,982.
207928,982.
207929,982.
207930,982.
207931,982.
207932,982.
207933,982.
207934,982.
207935,982.
207936,982.
207937,982.
207938,982.
207939,982.
207940,982.
207941,982.
207942,982.
207943,982.
207944,982.
207945,982.
207946,982.
207947,982.
207948,982.
207949,982.
207950,982.
207951,982.
207952,982.
207953,982.
207954,982.
207955,982.
207956,982.
207957,982.
207958,982.
207959,982.
207960,982.
207961,982.
207962,982.
207963,982.
207964,982.
207965,982.
207966,982.
207967,982.
207968,982.
207969,982.
207970,982.
207971,982.
207972,982.
207973,982.
207974,982.
207975,982.
207976,982.
207977,982.
207978,982.
207979,982.
207980,982.
207981,982.
207982,982.
207983,982.
207984,982.
207985,982.
207986,982.
207987,982.
207988,982.
207989,983.
207990,983.
207991,983.
207992,983.
207993,983.
207994,983.
207995,983.
208095,3518.
208096,3518.
208097,3518.
208098,3518.
208099,3518.
208100,3518.
208101,3518.
208102,3518.
208103,3518.
208104,3518.
208120,3534.
208121,3534.
208122,3534.
208123,3534.
208124,3534.
208125,3534.
208126,3534.
208127,3534.
208128,3534.
208129,3534.
208135,3554.
208136,3554.
208137,3554.
208138,3554.
208139,3554.
208140,3554.
208141,3554.
208142,3554.
208143,3554.
208144,3554.
208145,3556.
208146,3556.
208147,3556.
208148,3556.
208149,3556.
208150,3556.
208151,3556.
208152,3556.
208153,3556.
208154,3556.
208155,3562.
208156,3562.
208157,3562.
208158,3562.
208159,3562.
208160,3562.
208161,3562.
208162,3562.
208163,3562.
208164,3562.
208165,3572.
208166,3572.
208167,3572.
208168,3572.
208169,3572.
208170,3572.
208171,3572.
208172,3572.
208173,3572.
208174,3572.
208175,3592.
208176,3592.
208177,3592.
208178,3592.
208179,3592.
208180,3592.
208181,3592.
208182,3592.
208183,3592.
208184,3592.
208185,3609.
208186,3609.
208187,3609.
208188,3609.
208189,3609.
219448,1802.
219449,1802.
219450,1802.
219451,1802.
219452,1802.
219453,1802.
219454,1802.
219455,1802.
219456,1802.
219457,1802.
219458,1803.
219459,1803.
219460,1803.
219461,1803.
219462,1803.
219463,1803.
219464,1803.
219465,1803.
219466,1803.
219467,1803.
219646,616.
219647,616.
219648,616.
219649,616.
219650,616.
219651,617.
219652,617.
219653,617.
219654,617.
219655,617.
219656,617.
219657,617.
219658,617.
219659,617.
219660,617.
219661,617.
219662,617.
219663,617.
219664,617.
219665,617.
216879,245.
216880,245.
216881,245.
216882,245.
216883,245.
216884,245.
216885,245.
216872,245.
216873,245.
216874,245.
216875,245.
216876,245.
216877,245.
216878,245.
216886,245.
216887,245.
216888,245.
216889,245.
216890,245.
216891,245.
216892,245.
216893,245.
216894,245.
216895,245.
216896,245.
216897,245.
216898,245.
216899,245.
222801,245.
222802,245.
222803,245.
222804,245.
222805,245.
222806,245.
222807,245.
216900,245.
216901,245.
216902,245.
216903,245.
216904,245.
216905,245.
216906,245.
216907,245.
216908,245.
216909,245.
216910,245.
216911,245.
216912,245.
216913,245.
216920,375.
216921,375.
216922,375.
216923,375.
216924,375.
216925,375.
216914,375.
216915,375.
216916,375.
216917,375.
216918,375.
216919,375.
217008,975.
217009,975.
217010,975.
217011,975.
217012,975.
217013,975.
217014,975.
217015,975.
219687,975.
219688,975.
219689,975.
219690,975.
219691,975.
219692,975.
219693,975.
219694,975.
217024,975.
217025,975.
217026,975.
217027,975.
217028,975.
217029,975.
217030,975.
217031,975.
217032,975.
217033,975.
217034,975.
217035,975.
217036,975.
217037,975.
217038,975.
222860,975.
222861,975.
222862,975.
222863,975.
222864,975.
222865,975.
222866,975.
222867,975.
217039,975.
217040,975.
217041,975.
217042,975.
217043,975.
217044,975.
217045,975.
217046,975.
217016,975.
217017,975.
217018,975.
217019,975.
217020,975.
217021,975.
217022,975.
217023,975.
225869,975.
225870,975.
225871,975.
225872,975.
225873,975.
225874,975.
225875,975.
225876,975.
225877,975.
225878,975.
225879,975.
225880,975.
225881,975.
225882,975.
225883,975.
225884,975.
217047,975.
217048,975.
217049,975.
217050,975.
217051,975.
217052,975.
217053,975.
217054,975.
225885,975.
225886,975.
225887,975.
225888,975.
225889,975.
225890,975.
225891,975.
225892,975.
217055,976.
217056,976.
217057,976.
217058,976.
217059,976.
217060,976.
217061,976.
222868,979.
222869,979.
222870,979.
222871,979.
222872,979.
222873,979.
222874,979.
222875,979.
222876,979.
222877,979.
222878,979.
222879,979.
222880,979.
222881,979.
224652,979.
224653,979.
224654,979.
224655,979.
224656,979.
224657,979.
224658,979.
217070,982.
217071,982.
217072,982.
217073,982.
217074,982.
217075,982.
217076,982.
217085,982.
217086,982.
217087,982.
217088,982.
217089,982.
217090,982.
217091,982.
217077,982.
217078,982.
217079,982.
217080,982.
217081,982.
217082,982.
217083,982.
217084,982.
217092,982.
217093,982.
217094,982.
217095,982.
217096,982.
217097,982.
217098,982.
217099,982.
217100,982.
217101,982.
217102,982.
217103,982.
217104,982.
217105,982.
217062,982.
217063,982.
217064,982.
217065,982.
217066,982.
217067,982.
217068,982.
217069,982.
217106,982.
217107,982.
217108,982.
217109,982.
217110,982.
217111,982.
217112,982.
217113,982.
217114,983.
217115,983.
217116,983.
217117,983.
217118,983.
217119,983.
217120,983.
219438,1800.
219439,1800.
219440,1800.
219441,1800.
219442,1800.
219443,1800.
219444,1800.
219445,1800.
219446,1800.
219447,1800.
216462,1810.
216463,1810.
216464,1810.
216465,1810.
216466,1810.
216467,1810.
216468,1810.
216469,1810.
216470,1810.
216471,1810.
216472,1811.
216473,1811.
216474,1811.
216475,1811.
216476,1811.
216477,1811.
216478,1811.
216479,1811.
216486,1812.
216487,1812.
216488,1812.
216489,1812.
216490,1812.
216492,1813.
216493,1813.
216494,1813.
216495,1813.
216496,1813.
216497,1813.
216498,1813.
216499,1813.
216500,1813.
216501,1813.
216502,1814.
216503,1814.
216504,1814.
216505,1814.
216506,1814.
216507,1814.
216508,1814.
216509,1814.
216510,1814.
216511,1814.
216512,1815.
216513,1815.
216514,1815.
216515,1815.
216516,1815.
216517,1815.
216518,1815.
216519,1815.
216520,1815.
216521,1815.
225903,1822.
225904,1822.
225905,1822.
225906,1822.
225907,1822.
225908,1822.
225909,1822.
225910,1822.
225911,1822.
225912,1822.
225913,1822.
225914,1822.
225915,1822.
225916,1822.
225917,1822.
224659,1824.
224660,1824.
224661,1824.
224662,1824.
224663,1824.
224664,1824.
224665,1824.
224666,1824.
224667,1824.
224668,1824.
224669,1824.
224670,1824.
224671,1824.
224672,1824.
224673,1824.
219468,1825.
219469,1825.
219470,1825.
219471,1825.
219472,1825.
219473,1825.
219474,1825.
219475,1825.
219476,1825.
219477,1825.
224674,1826.
224675,1826.
224676,1826.
224677,1826.
224678,1826.
224679,1826.
224680,1826.
224681,1826.
224682,1826.
224683,1826.
224684,1826.
224685,1826.
224686,1826.
224687,1826.
224688,1826.
225918,1829.
225919,1829.
225920,1829.
225921,1829.
225922,1829.
225923,1829.
225924,1829.
225925,1829.
225926,1829.
225927,1829.
224689,1830.
224690,1830.
224691,1830.
224692,1830.
224693,1830.
224694,1830.
224695,1830.
224696,1830.
224697,1830.
224698,1830.
224699,1830.
224700,1830.
224701,1830.
224702,1830.
224703,1830.
222912,1832.
222913,1832.
222914,1832.
222915,1832.
222916,1832.
222917,1832.
222918,1832.
222919,1832.
222920,1832.
222921,1832.
222922,1832.
222923,1832.
222924,1832.
222925,1832.
222926,1832.
224704,1833.
224705,1833.
224706,1833.
224707,1833.
224708,1833.
224709,1833.
224710,1833.
224711,1833.
224712,1833.
224713,1833.
224714,1835.
224715,1835.
224716,1835.
224717,1835.
224718,1835.
224719,1835.
224720,1835.
224721,1835.
224722,1835.
224723,1835.
224724,1835.
224725,1835.
224726,1835.
224727,1835.
224728,1835.
224729,1836.
224730,1836.
224731,1836.
224732,1836.
224733,1836.
224734,1836.
224735,1836.
224736,1836.
224737,1836.
224738,1836.
224739,1837.
224740,1837.
224741,1837.
224742,1837.
224743,1837.
224744,1837.
224745,1837.
224746,1837.
224747,1837.
224748,1837.
216562,1892.
216563,1892.
216564,1892.
216565,1892.
216566,1892.
216567,1892.
216568,1892.
216569,1892.
216570,1892.
216571,1892.
216572,1893.
216573,1893.
216574,1893.
216575,1893.
216576,1893.
216577,1893.
216578,1893.
216579,1893.
216580,1893.
216581,1893.
216582,1894.
216583,1894.
216584,1894.
216585,1894.
216586,1894.
216587,1894.
216588,1894.
216589,1894.
216590,1894.
216591,1894.
216612,1896.
216613,1896.
216614,1896.
216615,1896.
216616,1896.
216617,1896.
216618,1896.
216619,1896.
216620,1896.
216621,1896.
225973,1898.
225974,1898.
225975,1898.
225976,1898.
225977,1898.
225978,1898.
225979,1898.
225980,1898.
225981,1898.
225982,1898.
225983,1898.
225984,1898.
225985,1898.
225986,1898.
225987,1898.
222937,1900.
222938,1900.
222939,1900.
222940,1900.
222941,1900.
222942,1900.
222943,1900.
222944,1900.
222945,1900.
222946,1900.
224914,1901.
224915,1901.
224916,1901.
224917,1901.
224918,1901.
222947,1901.
222948,1901.
222949,1901.
222950,1901.
222951,1901.
222952,1902.
222953,1902.
222954,1902.
222955,1902.
222956,1902.
222957,1902.
222958,1902.
222959,1902.
222960,1902.
222961,1902.
222962,1903.
222963,1903.
222964,1903.
222965,1903.
222966,1903.
222967,1903.
222968,1903.
222969,1903.
222970,1903.
222971,1903.
222972,1904.
222973,1904.
222974,1904.
222975,1904.
222976,1904.
222977,1904.
222978,1904.
222979,1904.
222980,1904.
222981,1904.
222982,1905.
222983,1905.
222984,1905.
222985,1905.
222986,1905.
222987,1906.
222988,1906.
222989,1906.
222990,1906.
222991,1906.
222992,1907.
222993,1907.
222994,1907.
222995,1907.
222996,1907.
222997,1907.
222998,1907.
222999,1907.
223000,1907.
223001,1907.
216742,2580.
216743,2580.
216744,2580.
216745,2580.
216746,2580.
216747,2580.
216748,2580.
216749,2580.
216750,2580.
216751,2580.
216752,2582.
216753,2582.
216754,2582.
216755,2582.
216756,2582.
216757,2582.
216758,2582.
216759,2582.
216760,2582.
216761,2582.
216762,2583.
216763,2583.
216764,2583.
216765,2583.
216766,2583.
216767,2584.
216768,2584.
216769,2584.
216770,2584.
216771,2584.
216772,2587.
216773,2587.
216774,2587.
216775,2587.
216776,2587.
219538,2603.
219539,2603.
219540,2603.
219541,2603.
219542,2603.
219543,2603.
219544,2603.
219545,2603.
219546,2603.
219547,2603.
216777,2608.
216778,2608.
216779,2608.
216780,2608.
216781,2608.
216782,2608.
216783,2608.
216784,2608.
216785,2608.
216786,2608.
224615,101.
224616,101.
224617,101.
224618,101.
224619,101.
224620,101.
224621,101.
224622,101.
224623,101.
224624,101.
224625,101.
224626,101.
224627,101.
224628,101.
224629,101.
224630,101.
216592,1895.
216593,1895.
216594,1895.
216595,1895.
216596,1895.
216597,1895.
216598,1895.
216599,1895.
216600,1895.
216601,1895.
216602,1895.
216603,1895.
216604,1895.
216605,1895.
216606,1895.
216607,1895.
216608,1895.
216609,1895.
216610,1895.
216611,1895.
224631,874.
224632,874.
224633,874.
224634,874.
224635,874.
224636,874.
224637,874.
224638,874.
224639,874.
224640,874.
224641,874.
224642,874.
224643,874.
224644,874.
224645,874.
224646,874.
224647,874.
224648,874.
224649,874.
224650,874.
224651,874.
219666,879.
219667,879.
219668,879.
219669,879.
219670,879.
219671,879.
219672,879.
219673,879.
219674,879.
219675,879.
219676,879.
219677,879.
219678,879.
219679,879.
219680,879.
219681,879.
219682,879.
219683,879.
219684,879.
219685,879.
219686,879.
219478,1840.
219479,1840.
219480,1840.
219481,1840.
219482,1840.
219483,1840.
219484,1840.
219485,1840.
219486,1840.
219487,1840.
219488,1840.
219489,1840.
219490,1840.
219491,1840.
219492,1840.
222927,1841.
222928,1841.
222929,1841.
222930,1841.
222931,1841.
222932,1841.
222933,1841.
222934,1841.
222935,1841.
222936,1841.
224749,1842.
224750,1842.
224751,1842.
224752,1842.
224753,1842.
224754,1842.
224755,1842.
224756,1842.
224757,1842.
224758,1842.
219493,1843.
219494,1843.
219495,1843.
219496,1843.
219497,1843.
219498,1843.
219499,1843.
219500,1843.
219501,1843.
219502,1843.
224759,1844.
224760,1844.
224761,1844.
224762,1844.
224763,1844.
224764,1844.
224765,1844.
224766,1844.
224767,1844.
224768,1844.
224769,1848.
224770,1848.
224771,1848.
224772,1848.
224773,1848.
224774,1848.
224775,1848.
224776,1848.
224777,1848.
224778,1848.
224779,1850.
224780,1850.
224781,1850.
224782,1850.
224783,1850.
224784,1850.
224785,1850.
224786,1850.
224787,1850.
224788,1850.
219503,1851.
219504,1851.
219505,1851.
219506,1851.
219507,1851.
219508,1851.
219509,1851.
219510,1851.
219511,1851.
219512,1851.
219513,1851.
219514,1851.
219515,1851.
219516,1851.
219517,1851.
224789,1852.
224790,1852.
224791,1852.
224792,1852.
224793,1852.
225928,1852.
225929,1852.
225930,1852.
225931,1852.
225932,1852.
224794,1854.
224795,1854.
224796,1854.
224797,1854.
224798,1854.
224799,1854.
224800,1854.
224801,1854.
224802,1854.
224803,1854.
225933,1855.
225934,1855.
225935,1855.
225936,1855.
225937,1855.
225938,1855.
225939,1855.
225940,1855.
225941,1855.
225942,1855.
219518,1856.
219519,1856.
219520,1856.
219521,1856.
219522,1856.
219523,1856.
219524,1856.
219525,1856.
219526,1856.
219527,1856.
225943,1858.
225944,1858.
225945,1858.
225946,1858.
225947,1858.
225948,1858.
225949,1858.
225950,1858.
225951,1858.
225952,1858.
225953,1858.
225954,1858.
225955,1858.
225956,1858.
225957,1858.
225958,1858.
225959,1858.
225960,1858.
225961,1858.
225962,1858.
225963,1867.
225964,1867.
225965,1867.
225966,1867.
225967,1867.
225968,1867.
225969,1867.
225970,1867.
225971,1867.
225972,1867.
224804,1869.
224805,1869.
224806,1869.
224807,1869.
224808,1869.
224809,1869.
224810,1869.
224811,1869.
224812,1869.
224813,1869.
224814,1871.
224815,1871.
224816,1871.
224817,1871.
224818,1871.
224819,1871.
224820,1871.
224821,1871.
224822,1871.
224823,1871.
224824,1874.
224825,1874.
224826,1874.
224827,1874.
224828,1874.
224829,1874.
224830,1874.
224831,1874.
224832,1874.
224833,1874.
224834,1874.
224835,1874.
224836,1874.
224837,1874.
224838,1874.
224839,1876.
224840,1876.
224841,1876.
224842,1876.
224843,1876.
224844,1876.
224845,1876.
224846,1876.
224847,1876.
224848,1876.
224849,1876.
224850,1876.
224851,1876.
224852,1876.
224853,1876.
219528,1879.
219529,1879.
219530,1879.
219531,1879.
219532,1879.
219533,1879.
219534,1879.
219535,1879.
219536,1879.
219537,1879.
224854,1884.
224855,1884.
224856,1884.
224857,1884.
224858,1884.
224859,1884.
224860,1884.
224861,1884.
224862,1884.
224863,1884.
224864,1884.
224865,1884.
224866,1884.
224867,1884.
224868,1884.
224869,1884.
224870,1884.
224871,1884.
224872,1884.
224873,1884.
216542,1885.
216543,1885.
216544,1885.
216545,1885.
216546,1885.
216547,1885.
216548,1885.
216549,1885.
216550,1885.
216551,1885.
224874,1887.
224875,1887.
224876,1887.
224877,1887.
224878,1887.
224879,1887.
224880,1887.
224881,1887.
224882,1887.
224883,1887.
224894,1889.
224895,1889.
224896,1889.
224897,1889.
224898,1889.
224899,1889.
224900,1889.
224901,1889.
224902,1889.
224903,1889.
224904,1899.
224905,1899.
224906,1899.
224907,1899.
224908,1899.
224909,1899.
224910,1899.
224911,1899.
224912,1899.
224913,1899.
236922,9701.
236919,9701.
236920,9701.
236921,9701.
236718,4150.
236719,4150.
236720,4150.
236721,4150.
236722,4150.
236723,4151.
236724,4151.
236725,4151.
236726,4151.
236727,4151.
237549,1793.
237550,1793.
237551,1793.
237552,1793.
237553,1793.
237554,1793.
237555,1793.
237556,1793.
237557,1793.
237558,1793.
237649,3594.
237650,3594.
237651,3594.
237652,3594.
237653,3594.
237669,3607.
237670,3607.
237671,3607.
237672,3607.
237673,3607.
237679,3607.
237680,3607.
237681,3607.
237682,3607.
237683,3607.
237674,3607.
237675,3607.
237676,3607.
237677,3607.
237678,3607.
242143,3755.
242144,3755.
242145,3755.
242146,3755.
242147,3755.
242138,3755.
242139,3755.
242140,3755.
242141,3755.
242142,3755.
242133,3755.
242134,3755.
242135,3755.
242136,3755.
242137,3755.
237699,3757.
237700,3757.
237701,3757.
237702,3757.
237703,3757.
237704,3757.
237705,3757.
237706,3757.
237707,3757.
237708,3757.
237709,3757.
237710,3757.
237711,3757.
237712,3757.
237713,3757.
237779,3788.
237780,3788.
237781,3788.
237782,3788.
237783,3788.
237789,3788.
237790,3788.
237791,3788.
237792,3788.
237793,3788.
237784,3788.
237785,3788.
237786,3788.
237787,3788.
237788,3788.
242228,3790.
242229,3790.
242230,3790.
242231,3790.
242232,3790.
242238,3790.
242239,3790.
242240,3790.
242241,3790.
242242,3790.
242233,3790.
242234,3790.
242235,3790.
242236,3790.
242237,3790.
242273,4484.
242274,4484.
242275,4484.
242276,4484.
242277,4484.
242268,4484.
242269,4484.
242270,4484.
242271,4484.
242272,4484.
236887,982.
236888,982.
236889,982.
236890,982.
236891,982.
236892,982.
236893,982.
236894,982.
242300,982.
242301,982.
242302,982.
242303,982.
242304,982.
242305,982.
242306,982.
242307,982.
236895,982.
236896,982.
236897,982.
236898,982.
236899,982.
236900,982.
236901,982.
236902,982.
236903,982.
236904,982.
236905,982.
236906,982.
236907,982.
236908,982.
236909,982.
236910,982.
236911,982.
236912,982.
236913,982.
236914,982.
236915,982.
236916,982.
236917,982.
236918,982.
236728,4465.
236729,4465.
236730,4465.
236731,4465.
236732,4465.
236733,4465.
236734,4465.
236735,4465.
236736,4465.
236737,4465.
236738,4474.
236739,4474.
236740,4474.
236741,4474.
236742,4474.
236743,4474.
236744,4474.
236745,4474.
236746,4474.
236747,4474.
236753,4476.
236754,4476.
236755,4476.
236756,4476.
236757,4476.
236748,4476.
236749,4476.
236750,4476.
236751,4476.
236752,4476.
236768,4485.
236769,4485.
236770,4485.
236771,4485.
236772,4485.
236758,4485.
236759,4485.
236760,4485.
236761,4485.
236762,4485.
236763,4485.
236764,4485.
236765,4485.
236766,4485.
236767,4485.
237484,1770.
237485,1770.
237486,1770.
237487,1770.
237488,1770.
237479,1770.
237480,1770.
237481,1770.
237482,1770.
237483,1770.
237569,3548.
237570,3548.
237571,3548.
237572,3548.
237573,3548.
237574,3551.
237575,3551.
237576,3551.
237577,3551.
237578,3551.
237579,3551.
237580,3551.
237581,3551.
237582,3551.
237583,3551.
237589,3551.
237590,3551.
237591,3551.
237592,3551.
237593,3551.
237584,3551.
237585,3551.
237586,3551.
237587,3551.
237588,3551.
237609,3556.
237610,3556.
237611,3556.
237612,3556.
237613,3556.
237594,3556.
237595,3556.
237596,3556.
237597,3556.
237598,3556.
237599,3556.
237600,3556.
237601,3556.
237602,3556.
237603,3556.
237604,3556.
237605,3556.
237606,3556.
237607,3556.
237608,3556.
237614,3569.
237615,3569.
237616,3569.
237617,3569.
237618,3569.
237619,3569.
237620,3569.
237621,3569.
237622,3569.
237623,3569.
237634,3572.
237635,3572.
237636,3572.
237637,3572.
237638,3572.
237624,3572.
237625,3572.
237626,3572.
237627,3572.
237628,3572.
237629,3572.
237630,3572.
237631,3572.
237632,3572.
237633,3572.
237639,3581.
237640,3581.
237641,3581.
237642,3581.
237643,3581.
237644,3581.
237645,3581.
237646,3581.
237647,3581.
237648,3581.
237654,3597.
237655,3597.
237656,3597.
237657,3597.
237658,3597.
237664,3597.
237665,3597.
237666,3597.
237667,3597.
237668,3597.
237659,3597.
237660,3597.
237661,3597.
237662,3597.
237663,3597.
237684,3609.
237685,3609.
237686,3609.
237687,3609.
237688,3609.
237694,3609.
237695,3609.
237696,3609.
237697,3609.
237698,3609.
237689,3609.
237690,3609.
237691,3609.
237692,3609.
237693,3609.
242158,3760.
242159,3760.
242160,3760.
242161,3760.
242162,3760.
242153,3760.
242154,3760.
242155,3760.
242156,3760.
242157,3760.
242148,3760.
242149,3760.
242150,3760.
242151,3760.
242152,3760.
237729,3762.
237730,3762.
237731,3762.
237732,3762.
237733,3762.
237714,3762.
237715,3762.
237716,3762.
237717,3762.
237718,3762.
237719,3762.
237720,3762.
237721,3762.
237722,3762.
237723,3762.
237724,3762.
237725,3762.
237726,3762.
237727,3762.
237728,3762.
237749,3777.
237750,3777.
237751,3777.
237752,3777.
237753,3777.
237754,3777.
237755,3777.
237756,3777.
237757,3777.
237758,3777.
237759,3777.
237760,3777.
237761,3777.
237762,3777.
237763,3777.
242203,3780.
242204,3780.
242205,3780.
242206,3780.
242207,3780.
242198,3780.
242199,3780.
242200,3780.
242201,3780.
242202,3780.
242193,3780.
242194,3780.
242195,3780.
242196,3780.
242197,3780.
242208,3780.
242209,3780.
242210,3780.
242211,3780.
242212,3780.
237774,3782.
237775,3782.
237776,3782.
237777,3782.
237778,3782.
237764,3782.
237765,3782.
237766,3782.
237767,3782.
237768,3782.
237769,3782.
237770,3782.
237771,3782.
237772,3782.
237773,3782.
242223,3783.
242224,3783.
242225,3783.
242226,3783.
242227,3783.
242213,3783.
242214,3783.
242215,3783.
242216,3783.
242217,3783.
242218,3783.
242219,3783.
242220,3783.
242221,3783.
242222,3783.
242248,3793.
242249,3793.
242250,3793.
242251,3793.
242252,3793.
242243,3793.
242244,3793.
242245,3793.
242246,3793.
242247,3793.
237839,3796.
237840,3796.
237841,3796.
237842,3796.
237843,3796.
237829,3796.
237830,3796.
237831,3796.
237832,3796.
237833,3796.
237834,3796.
237835,3796.
237836,3796.
237837,3796.
237838,3796.
237854,3797.
237855,3797.
237856,3797.
237857,3797.
237858,3797.
237844,3797.
237845,3797.
237846,3797.
237847,3797.
237848,3797.
237849,3797.
237850,3797.
237851,3797.
237852,3797.
237853,3797.
237884,3799.
237885,3799.
237886,3799.
237887,3799.
237888,3799.
237869,3799.
237870,3799.
237871,3799.
237872,3799.
237873,3799.
237874,3799.
237875,3799.
237876,3799.
237877,3799.
237878,3799.
237879,3799.
237880,3799.
237881,3799.
237882,3799.
237883,3799.
236804,38.
236805,38.
236806,38.
236807,38.
236808,38.
236809,38.
236810,38.
236783,38.
236784,38.
236785,38.
236786,38.
236787,38.
236788,38.
236789,38.
236790,38.
236791,38.
236792,38.
236793,38.
236794,38.
236795,38.
236796,38.
236797,38.
236798,38.
236799,38.
236800,38.
236801,38.
236802,38.
236803,38.
242286,979.
242287,979.
242288,979.
242289,979.
242290,979.
242291,979.
242292,979.
242293,979.
242294,979.
242295,979.
242296,979.
242297,979.
242298,979.
242299,979.
241946,161.
241947,161.
241948,161.
241949,161.
241950,161.
241941,161.
241942,161.
241943,161.
241944,161.
241945,161.
236938,165.
236939,165.
236940,165.
236941,165.
236942,165.
242033,1785.
242034,1785.
242035,1785.
242036,1785.
242037,1785.
242043,1785.
242044,1785.
242045,1785.
242046,1785.
242047,1785.
242038,1785.
242039,1785.
242040,1785.
242041,1785.
242042,1785.
237049,2608.
237050,2608.
237051,2608.
237052,2608.
237053,2608.
237048,2608.
243284,2608.
237044,2608.
237045,2608.
237046,2608.
237047,2608.
241992,1760.
241993,1760.
241994,1760.
241995,1760.
241996,1760.
241987,1760.
241988,1760.
241989,1760.
241990,1760.
241991,1760.
237469,1765.
237470,1765.
237471,1765.
237472,1765.
237473,1765.
237474,1765.
237475,1765.
237476,1765.
237477,1765.
237478,1765.
242002,1773.
242003,1773.
242004,1773.
242005,1773.
242006,1773.
241997,1773.
241998,1773.
241999,1773.
242000,1773.
242001,1773.
237504,1778.
237505,1778.
237506,1778.
237507,1778.
237508,1778.
237499,1778.
237500,1778.
237501,1778.
237502,1778.
237503,1778.
237524,1780.
237525,1780.
237526,1780.
237527,1780.
237528,1780.
237519,1780.
237520,1780.
237521,1780.
237522,1780.
237523,1780.
242007,1781.
242008,1781.
242009,1781.
242010,1781.
242019,1781.
242020,1781.
242021,1781.
242022,1781.
242011,1781.
242012,1781.
242013,1781.
242014,1781.
242015,1781.
242016,1781.
242017,1781.
242018,1781.
237529,1782.
237530,1782.
237531,1782.
237532,1782.
237533,1782.
237544,1782.
237545,1782.
237546,1782.
237547,1782.
237548,1782.
237534,1782.
237535,1782.
237536,1782.
237537,1782.
237538,1782.
237539,1782.
237540,1782.
237541,1782.
237542,1782.
237543,1782.
242028,1784.
242029,1784.
242030,1784.
242031,1784.
242032,1784.
242023,1784.
242024,1784.
242025,1784.
242026,1784.
242027,1784.
242053,1786.
242054,1786.
242055,1786.
242056,1786.
242057,1786.
242048,1786.
242049,1786.
242050,1786.
242051,1786.
242052,1786.
242063,1787.
242064,1787.
242065,1787.
242066,1787.
242067,1787.
242058,1787.
242059,1787.
242060,1787.
242061,1787.
242062,1787.
242073,1788.
242074,1788.
242075,1788.
242076,1788.
242077,1788.
242068,1788.
242069,1788.
242070,1788.
242071,1788.
242072,1788.
242088,1789.
242089,1789.
242090,1789.
242091,1789.
242092,1789.
242083,1789.
242084,1789.
242085,1789.
242086,1789.
242087,1789.
242078,1789.
242079,1789.
242080,1789.
242081,1789.
242082,1789.
242098,1791.
242099,1791.
242100,1791.
242101,1791.
242102,1791.
242093,1791.
242094,1791.
242095,1791.
242096,1791.
242097,1791.
237459,1764.
237460,1764.
237461,1764.
237462,1764.
237463,1764.
237464,1764.
237465,1764.
237466,1764.
237467,1764.
237468,1764.
237489,1771.
237490,1771.
237491,1771.
237492,1771.
237493,1771.
237494,1771.
237495,1771.
237496,1771.
237497,1771.
237498,1771.
237514,1779.
237515,1779.
237516,1779.
237517,1779.
237518,1779.
237509,1779.
237510,1779.
237511,1779.
237512,1779.
237513,1779.
252800,375.
252801,375.
252802,375.
252803,375.
252804,375.
252805,375.
252788,375.
252789,375.
252790,375.
252791,375.
252792,375.
252793,375.
252806,375.
252807,375.
252808,375.
252809,375.
252810,375.
252811,375.
252794,375.
252795,375.
252796,375.
252797,375.
252798,375.
252799,375.
252872,975.
252873,975.
252874,975.
252875,975.
252876,975.
252877,975.
252878,975.
252879,975.
252880,975.
252881,975.
252882,975.
252883,975.
252884,975.
252885,975.
255280,975.
255281,975.
255282,975.
255283,975.
255284,975.
255285,975.
255286,975.
243644,89.
243645,89.
243646,89.
243647,89.
243648,89.
243649,89.
243650,89.
243651,89.
243628,89.
243629,89.
243630,89.
243631,89.
243632,89.
243633,89.
243634,89.
243635,89.
243636,89.
243637,89.
243638,89.
243639,89.
243640,89.
243641,89.
243642,89.
243643,89.
243863,911.
243864,911.
243865,911.
243866,911.
243867,911.
243868,911.
255273,969.
255274,969.
255275,969.
255276,969.
255277,969.
255278,969.
255279,969.
252886,979.
252887,979.
252888,979.
252889,979.
252890,979.
252891,979.
252892,979.
243706,2601.
243707,2601.
243708,2601.
243709,2601.
243710,2601.
255259,874.
255260,874.
255261,874.
255262,874.
255263,874.
255264,874.
255265,874.
255266,879.
255267,879.
255268,879.
255269,879.
255270,879.
255271,879.
255272,879.
243657,1852.
243658,1852.
243659,1852.
243660,1852.
243661,1852.
243652,1852.
243653,1852.
243654,1852.
243655,1852.
243656,1852.
243662,1858.
243663,1858.
243664,1858.
243665,1858.
243666,1858.
243667,1858.
243668,1858.
243669,1858.
243670,1858.
243671,1858.
243682,1876.
243683,1876.
243684,1876.
243685,1876.
246588,1876.
243677,1876.
243678,1876.
243679,1876.
243680,1876.
243681,1876.
243672,1876.
243673,1876.
243674,1876.
243675,1876.
243676,1876.
247155,1910.
247156,1910.
247157,1910.
247158,1910.
247159,1910.
247160,1910.
247161,1910.
247162,1910.
247163,1910.
247164,1910.
252758,1942.
252759,1942.
252760,1942.
252761,1942.
252762,1942.
252763,1942.
252764,1942.
252765,1942.
252766,1942.
252767,1942.
231348,55163.
231349,55163.
231350,55163.
231351,55163.
231352,55163.
231353,55163.
231354,55163.
231355,55163.
231356,55163.
231357,55163.
231358,55163.
231359,55163.
231360,55163.
231361,55163.
231362,55163.
231363,55163.
231364,55163.
231365,55163.
231366,55190.
231367,55190.
231368,55190.
231369,55190.
231370,55190.
231371,55190.
231372,55190.
231373,55190.
231374,55190.
231375,55190.
231376,55190.
231377,55190.
231378,55190.
231379,55190.
231380,55190.
231381,55190.
231382,55190.
231383,55190.
231384,55192.
231385,55192.
231386,55192.
231387,55192.
231388,55192.
231389,55192.
231390,55192.
231391,55192.
231392,55192.
231393,55192.
231394,55192.
231395,55192.
231396,55192.
231397,55192.
231398,55192.
231399,55192.
231400,55192.
231401,55192.
231402,55192.
231403,55192.
231404,55192.
231405,55192.
231406,55192.
231407,55192.
231408,55192.
231409,55192.
231410,55192.
255636,55103.
255637,55103.
255638,55103.
255639,55103.
255640,55103.
255641,55103.
255642,55103.
255643,55103.
255644,55103.
255645,55164.
255646,55164.
255647,55164.
255648,55164.
255649,55164.
255650,55164.
255651,55164.
255652,55164.
255653,55164.
255654,55164.
255655,55164.
255656,55164.
255657,55164.
255658,55164.
255659,55164.
255660,55164.
255661,55164.
255662,55164.
255663,55164.
255664,55164.
255665,55164.
255666,55164.
255667,55164.
255668,55164.
255669,55164.
255670,55164.
255671,55164.
255672,55167.
255673,55167.
255674,55167.
255675,55167.
255676,55167.
255677,55167.
255678,55167.
255679,55167.
255680,55167.
184631,2767.
184632,2767.
184633,2767.
184634,2767.
184635,2767.
184636,2767.
184637,2767.
184638,2767.
184639,2767.
184640,2767.
184641,2767.
184642,2767.
184607,2769.
184608,2769.
184609,2769.
184610,2769.
184611,2769.
184612,2769.
184613,2769.
184614,2769.
184615,2769.
184616,2769.
184617,2769.
184618,2769.
232167,1990.
232169,1990.
232170,1990.
232171,1990.
232172,1990.
232161,2014.
232162,2014.
232163,2014.
232164,2014.
232165,2014.
232166,2014.
232012,2407.
232013,2407.
232014,2407.
232015,2407.
232016,2407.
232017,2407.
232018,2407.
232019,2407.
232020,2407.
232021,2407.
232022,2407.
232023,2409.
232024,2409.
232025,2409.
232026,2409.
232027,2409.
232028,2409.
232029,2409.
232030,2409.
232031,2409.
232032,2409.
232033,2409.
232034,2409.
232077,2591.
232078,2591.
232079,2591.
232080,2591.
232081,2591.
232082,2591.
232083,2591.
232084,2591.
232085,2591.
232086,2591.
232087,2591.
232088,2591.
232185,900.
232186,900.
232187,900.
232188,900.
232189,900.
232190,900.
232191,900.
232192,900.
232193,900.
232194,900.
232195,900.
232196,900.
191718,60481.
191719,60481.
191720,60481.
191721,60481.
191722,60481.
191723,60481.
191724,60481.
191725,60481.
191726,60481.
191727,60481.
191728,60481.
191729,60481.
191730,60481.
191731,60481.
191732,60481.
194683,48044.
194684,48044.
194685,48044.
194686,48044.
194687,48044.
191987,5106.
191988,5106.
191989,5106.
191990,5106.
191991,5106.
191992,5106.
191993,5106.
191994,5106.
191995,5106.
198451,47009.
198452,47009.
198453,47009.
198454,47009.
198455,47009.
198456,47027.
198457,47027.
198458,47027.
198459,47027.
198460,47027.
192054,47034.
192055,47034.
192056,47034.
192057,47034.
192058,47034.
192059,47034.
192060,47034.
192061,47034.
192062,47034.
192063,47034.
194918,45030.
194919,45030.
194920,45030.
194921,45030.
194922,45030.
193001,45048.
193002,45048.
193003,45048.
193004,45048.
193005,45048.
193037,12009.
193038,12009.
193039,12009.
193040,12009.
193041,12009.
193042,12009.
193043,12009.
193044,12009.
193045,12009.
194943,40007.
193056,40007.
193057,40007.
193058,40007.
193059,40007.
193060,40038.
193061,40038.
193062,40038.
193063,40038.
193064,40038.
193065,40073.
193066,40073.
193067,40073.
193068,40073.
193069,40073.
198508,40095.
198509,40095.
198510,40095.
198511,40095.
198512,40095.
194944,40119.
194945,40119.
194946,40119.
194947,40119.
194948,40119.
198193,40139.
198194,40139.
198195,40139.
198196,40139.
198197,40139.
194949,40147.
194950,40147.
194951,40147.
194952,40147.
194953,40147.
194954,40148.
194955,40148.
194956,40148.
194957,40148.
198198,40148.
194958,40156.
194959,40156.
194960,40156.
194961,40156.
194962,40156.
198199,40163.
198200,40163.
198201,40163.
198202,40163.
198203,40163.
198204,42092.
198205,42092.
198206,42092.
198207,42092.
198208,42092.
198518,40165.
198519,40165.
198520,40165.
198521,40165.
198522,40165.
193197,42012.
193198,42012.
193199,42012.
193200,42012.
193201,42012.
198209,42013.
198210,42013.
198211,42013.
198212,42013.
198213,42013.
194990,42051.
194991,42051.
194992,42051.
194993,42051.
194994,42051.
193202,42076.
193203,42076.
193204,42076.
193205,42076.
193206,42076.
193207,42077.
193208,42077.
193209,42077.
193210,42077.
193211,42077.
194995,42091.
194996,42091.
194997,42091.
194998,42091.
194999,42091.
198523,42093.
198524,42093.
198525,42093.
198526,42093.
198527,42093.
193232,42060.
193233,42060.
193234,42060.
193235,42060.
193236,42060.
193237,45002.
193238,45002.
193239,45002.
193240,45002.
193241,45002.
198214,45064.
198215,45064.
198216,45064.
198217,45064.
198218,45064.
198219,45064.
198220,45064.
198221,45064.
198222,45064.
198223,45064.
193262,45019.
193263,45019.
193264,45019.
193265,45019.
193266,45019.
193267,45070.
193268,45070.
193269,45070.
193270,45070.
193271,45070.
198237,41047.
198238,41047.
198239,41047.
198240,41047.
198241,41047.
209004,48015.
209005,48015.
209006,48015.
209007,48015.
209008,48015.
205033,47003.
205034,47003.
205035,47003.
205040,47003.
205036,47003.
205041,47003.
205037,47003.
205042,47003.
205038,47003.
205043,47003.
205039,47003.
205044,47003.
205045,47003.
209260,48011.
209261,48011.
209262,48011.
209263,48011.
209264,48011.
207082,48038.
207083,48038.
207084,48038.
207085,48038.
207086,48038.
209275,48158.
209276,48158.
209277,48158.
209278,48158.
209279,48158.
209280,48158.
209281,48158.
209282,48158.
209283,48158.
209284,48158.
209265,48159.
209266,48159.
209267,48159.
209268,48159.
209269,48159.
207087,48166.
207088,48166.
207089,48166.
207090,48166.
207091,48166.
207092,48166.
207093,48166.
207094,48166.
207095,48166.
207096,48166.
209289,48177.
209290,48177.
209291,48177.
209292,48177.
209293,48177.
207109,48180.
207110,48180.
207111,48180.
207112,48180.
207113,48180.
209379,48151.
209380,48151.
209381,48151.
209382,48151.
209383,48151.
207464,48169.
207465,48169.
207466,48169.
207467,48169.
207468,48169.
207522,45003.
207523,45003.
207524,45003.
207525,45003.
207526,45003.
209391,45018.
209392,45018.
209393,45018.
209394,45018.
209395,45018.
207477,45037.
207478,45037.
207479,45037.
207480,45037.
207481,45037.
207492,45041.
207493,45041.
207494,45041.
207495,45041.
207496,45041.
207487,45044.
207488,45044.
207489,45044.
207490,45044.
207491,45044.
207502,45058.
207503,45058.
207504,45058.
207505,45058.
207506,45058.
205573,12022.
205574,12022.
205575,12022.
205576,12022.
205577,12022.
207584,10045.
207585,10045.
207586,10045.
207587,10045.
207588,10045.
205597,10051.
205598,10051.
205599,10051.
205600,10051.
205601,10051.
205607,10108.
205608,10108.
205609,10108.
205610,10108.
205611,10108.
209438,40030.
209439,40030.
209440,40030.
209441,40030.
209442,40030.
209443,40030.
207599,40035.
207600,40035.
207601,40035.
207602,40035.
207603,40035.
207604,40035.
207578,40048.
207579,40048.
207580,40048.
207581,40048.
207582,40048.
207583,40048.
209546,10074.
209547,10074.
209548,10074.
209549,10074.
209550,10074.
207654,10078.
207655,10078.
207656,10078.
207657,10078.
207658,10078.
205752,10083.
205753,10083.
205754,10083.
205755,10083.
205756,10083.
205757,10083.
205758,10083.
205759,10083.
205760,10083.
205761,10083.
209551,10085.
209552,10085.
209553,10085.
209554,10085.
207649,10090.
207650,10090.
207651,10090.
207652,10090.
207653,10090.
207644,10091.
207645,10091.
207646,10091.
207647,10091.
207648,10091.
205762,10102.
205763,10102.
205764,10102.
205765,10102.
205766,10102.
205767,10106.
205768,10106.
205769,10106.
205770,10106.
205771,10106.
207614,10111.
207615,10111.
207616,10111.
207617,10111.
207618,10111.
207619,10111.
207620,10111.
207621,10111.
207622,10111.
207623,10111.
207624,10111.
207625,10111.
207626,10111.
207627,10111.
207628,10111.
207629,10111.
207630,10111.
207631,10111.
207632,10111.
207633,10111.
207634,10111.
207635,10111.
207636,10111.
207637,10111.
207638,10111.
209456,10120.
209457,10120.
209458,10120.
209459,10120.
209460,10120.
209461,10120.
209462,10120.
209463,10120.
209464,10120.
209465,10120.
209466,10120.
209467,10120.
209468,10120.
209469,10120.
209470,10120.
209471,10120.
209472,10120.
209473,10120.
209474,10120.
209475,10120.
209496,10121.
209497,10121.
209498,10121.
209499,10121.
209500,10121.
209501,10121.
209502,10121.
209503,10121.
209504,10121.
209505,10121.
209506,10121.
209507,10121.
209508,10121.
209509,10121.
209510,10121.
209511,10121.
209512,10121.
209513,10121.
209514,10121.
209515,10121.
209516,10121.
209517,10121.
209518,10121.
209519,10121.
209520,10121.
209521,10121.
209522,10121.
209523,10121.
209524,10121.
209525,10121.
209526,10121.
209527,10121.
209528,10121.
209529,10121.
209530,10121.
209531,10121.
209532,10121.
209533,10121.
209534,10121.
209535,10121.
209536,10121.
209537,10121.
209538,10121.
209539,10121.
209540,10121.
207609,10126.
207610,10126.
207611,10126.
207612,10126.
207613,10126.
207697,45014.
207698,45014.
207699,45014.
207700,45014.
207701,45014.
207742,45031.
207743,45031.
207744,45031.
207745,45031.
207746,45031.
207767,45047.
207768,45047.
207769,45047.
207770,45047.
207771,45047.
207732,45066.
207733,45066.
207734,45066.
207735,45066.
207736,45066.
207712,45067.
207713,45067.
207714,45067.
207715,45067.
207716,45067.
209623,41009.
209624,41009.
209625,41009.
209626,41009.
209627,41009.
209628,10094.
209629,10094.
209630,10094.
209631,10094.
214188,48036.
214187,48036.
214186,48036.
214189,48036.
214190,48036.
214193,48037.
214192,48037.
214191,48037.
214194,48037.
214195,48037.
215354,47022.
215355,47022.
215356,47022.
215357,47022.
215358,47022.
215359,47022.
215360,47022.
215361,47022.
215362,47022.
215363,47022.
215364,47022.
215365,47022.
215366,47022.
215367,47022.
215326,47022.
215327,47022.
215328,47022.
215329,47022.
215330,47022.
215331,47022.
215332,47022.
215333,47022.
215334,47022.
215335,47022.
215336,47022.
215337,47022.
215338,47022.
215339,47022.
215368,47022.
215369,47022.
215370,47022.
215371,47022.
215372,47022.
215373,47022.
215374,47022.
215375,47022.
215376,47022.
215377,47022.
215378,47022.
215379,47022.
215380,47022.
215381,47022.
215340,47022.
215341,47022.
215342,47022.
215343,47022.
215344,47022.
215345,47022.
215346,47022.
215347,47022.
215348,47022.
215349,47022.
215350,47022.
215351,47022.
215352,47022.
215353,47022.
222097,47024.
222098,47024.
222099,47024.
222100,47024.
222101,47024.
222102,47024.
215382,47025.
215383,47025.
215384,47025.
215385,47025.
215386,47025.
215387,47025.
215388,47026.
215389,47026.
215390,47026.
215391,47026.
215392,47026.
215393,47026.
215394,47033.
215395,47033.
215396,47033.
215397,47033.
215398,47033.
215399,47033.
213966,60475.
213967,60475.
213968,60475.
213969,60475.
213970,60475.
221450,60475.
221451,60475.
221452,60475.
221453,60475.
221454,60475.
213971,60475.
213972,60475.
213973,60475.
213974,60475.
213975,60475.
213976,60475.
213977,60768.
213978,60768.
213979,60768.
213980,60768.
213981,60768.
213982,60775.
213983,60775.
213984,60775.
213985,60775.
213986,60775.
213987,60776.
213988,60776.
213989,60776.
213990,60776.
213991,60776.
221420,60755.
221421,60755.
221422,60755.
221423,60755.
221424,60755.
213951,60755.
213952,60755.
213953,60755.
213954,60755.
213955,60755.
221425,60756.
221426,60756.
221427,60756.
221428,60756.
221429,60756.
213956,60756.
213957,60756.
213958,60756.
213959,60756.
213960,60756.
221430,60757.
221431,60757.
221432,60757.
221433,60757.
221434,60757.
224115,60758.
224116,60758.
224117,60758.
224118,60758.
224119,60758.
221435,60758.
221436,60758.
221437,60758.
221438,60758.
221439,60758.
221440,60781.
221441,60781.
221442,60781.
221443,60781.
221444,60781.
224120,60782.
224121,60782.
224122,60782.
224123,60782.
224124,60782.
226072,45026.
226073,45026.
226074,45026.
226075,45026.
226076,45026.
226077,45026.
226136,40031.
226137,40031.
226138,40031.
226139,40031.
226140,40031.
226141,40031.
226142,40038.
226143,40038.
226144,40038.
226145,40038.
226146,40038.
226147,40038.
226148,40039.
226149,40039.
226150,40039.
226151,40039.
226152,40039.
226153,40039.
226154,40044.
226155,40044.
226156,40044.
226157,40044.
226158,40044.
226159,40044.
226160,40047.
226161,40047.
226162,40047.
226163,40047.
226164,40047.
226165,40047.
226166,40059.
226167,40059.
226168,40059.
226169,40059.
226170,40059.
226171,40059.
226172,40060.
226173,40060.
226174,40060.
226175,40060.
226176,40060.
226177,40060.
215609,40078.
215610,40078.
215611,40078.
215612,40078.
215613,40078.
226178,40081.
226179,40081.
226180,40081.
226181,40081.
226182,40081.
226183,40081.
226184,40083.
226185,40083.
226186,40083.
226187,40083.
226188,40083.
226189,40083.
215614,40084.
215615,40084.
215616,40084.
215617,40084.
215618,40084.
222163,40093.
222164,40093.
222165,40093.
222166,40093.
222167,40093.
222168,40093.
226190,40114.
226191,40114.
226192,40118.
226193,40118.
226194,40118.
226195,40118.
226196,40118.
226197,40118.
222358,40121.
222359,40121.
222360,40121.
222361,40121.
222362,40121.
222363,40121.
222169,40122.
222170,40122.
222171,40122.
222172,40122.
222173,40122.
226198,40124.
226199,40124.
226200,40124.
226202,40124.
226204,40126.
226205,40126.
226206,40126.
226207,40126.
226208,40126.
226209,40126.
222174,40127.
222175,40127.
222176,40127.
222177,40127.
222178,40127.
222179,40127.
222180,40147.
222181,40147.
222182,40147.
222183,40147.
222184,40147.
222185,40147.
224009,40153.
224010,40153.
224011,40153.
224012,40153.
224013,40153.
224014,40153.
226210,45074.
226211,45074.
226212,45074.
226213,45074.
226214,45074.
226215,45074.
222186,42020.
222187,42020.
222188,42020.
222189,42020.
222190,42020.
226228,42022.
226229,42022.
226230,42022.
226231,42022.
226232,42022.
226233,42023.
226234,42023.
226235,42023.
226236,42023.
226237,42023.
226238,42023.
222191,42024.
222192,42024.
222193,42024.
222194,42024.
222195,42024.
222196,42024.
226239,42038.
226240,42038.
226241,42038.
226242,42038.
226243,42038.
226244,42038.
226245,42040.
226246,42040.
226247,42040.
226248,42040.
226249,42040.
222412,42044.
222413,42044.
222414,42044.
222415,42044.
222416,42044.
224035,42044.
226330,42014.
226331,42014.
226332,42014.
226333,42014.
226334,42014.
226335,42014.
222256,42014.
222257,42014.
222258,42014.
222259,42014.
222260,42014.
222261,42014.
222262,42032.
222263,42032.
222264,42032.
222265,42032.
222266,42032.
222267,42032.
216323,42034.
216324,42034.
216325,42034.
216326,42034.
216327,42034.
216328,42034.
216329,42049.
216330,42049.
216331,42049.
216332,42049.
216333,42049.
216334,42049.
226336,42054.
226337,42054.
226338,42054.
226339,42054.
226340,42054.
222197,45072.
222198,45072.
222199,45072.
222200,45072.
222201,45072.
222202,45072.
226250,45019.
226251,45019.
226252,45019.
226253,45019.
226254,45019.
226255,45019.
222238,41016.
222239,41016.
222240,41016.
222241,41016.
222242,41016.
222243,41016.
222244,41016.
222245,41016.
222246,41016.
222247,41016.
222248,41016.
222249,41016.
226285,41021.
226286,41021.
226287,41021.
226288,41021.
226289,41021.
222250,41060.
222251,41060.
222252,41060.
222253,41060.
222254,41060.
222255,41060.
226290,41060.
226291,41060.
226292,41060.
226293,41060.
226294,41060.
226295,41060.
226296,41071.
226297,41071.
226298,41071.
226299,41071.
226300,41071.
226301,41071.
243905,48007.
243906,48007.
243907,48007.
243908,48007.
243909,48007.
243910,48007.
243911,48009.
243912,48009.
243913,48009.
243914,48009.
243915,48009.
243916,48009.
243917,48009.
243918,48009.
243919,48009.
243920,48009.
243921,48009.
243922,48009.
243923,48014.
243924,48014.
243925,48014.
243926,48014.
243927,48014.
243928,48014.
243929,48018.
243930,48018.
243931,48018.
243932,48018.
243933,48018.
243934,48018.
243935,48018.
243936,48018.
243937,48018.
243938,48018.
243939,48018.
243940,48024.
243941,48024.
243942,48024.
243943,48024.
243944,48024.
243945,48024.
243946,48024.
243947,48024.
243948,48024.
243949,48024.
243950,48024.
243951,48024.
243952,48031.
243953,48031.
243954,48031.
243955,48031.
243956,48031.
243957,48031.
243958,48031.
243959,48031.
243960,48031.
243961,48031.
243962,48031.
243963,48031.
243964,48047.
243965,48047.
243966,48047.
243967,48047.
243968,48047.
243969,48047.
243970,48047.
243971,48047.
243972,48047.
243973,48047.
243974,48047.
243975,48047.
243976,48048.
243977,48048.
243978,48048.
243979,48048.
243980,48048.
243981,48048.
243982,48067.
243983,48067.
243984,48067.
243985,48067.
243986,48067.
243987,48067.
243988,48067.
243989,48067.
243990,48067.
243991,48067.
243992,48067.
243993,48067.
243994,48155.
243995,48155.
243996,48155.
243997,48155.
243998,48155.
243999,48155.
244000,48155.
244001,48155.
244002,48155.
244003,48155.
244004,48155.
244005,48166.
244006,48166.
244007,48166.
244008,48166.
244009,48166.
244010,48166.
244825,48168.
244826,48168.
244827,48168.
244828,48168.
244829,48168.
244830,48168.
244831,48168.
244832,48168.
244833,48168.
244834,48168.
244835,48168.
244836,48168.
244837,48168.
244838,48168.
244839,48168.
244840,48168.
244841,48168.
244842,48168.
244843,48168.
244844,48168.
244845,48168.
244846,48168.
244847,48168.
244848,48168.
244849,45000.
244850,45000.
244851,45000.
244852,45000.
244853,45000.
244854,45000.
244855,45001.
244856,45001.
244857,45001.
244858,45001.
244859,45001.
244860,45001.
244861,45006.
244862,45006.
244863,45006.
244864,45006.
244865,45006.
244866,45006.
244867,45033.
244868,45033.
244869,45033.
244870,45033.
244871,45033.
244872,45033.
244873,45035.
244874,45035.
244875,45035.
244876,45035.
244877,45035.
244878,45035.
244879,45036.
244880,45036.
244881,45036.
244882,45036.
244883,45036.
244884,45036.
244885,45036.
244886,45036.
244887,45036.
244888,45036.
244889,45036.
244890,45036.
244891,45044.
244892,45044.
244893,45044.
244894,45044.
244895,45044.
244896,45044.
244897,45047.
244898,45047.
244899,45047.
244900,45047.
244901,45047.
244902,45047.
244903,45047.
244904,45047.
244905,45047.
244906,45047.
244907,45047.
244908,45047.
244909,45047.
244910,45047.
244911,45047.
244912,45047.
244913,45047.
244914,45047.
244915,45069.
244916,45069.
244917,45069.
244918,45069.
244919,45069.
244920,45069.
244930,12006.
244931,12006.
244932,12006.
244966,40004.
244967,40004.
244968,40004.
244969,40004.
244970,40004.
244971,40004.
244972,40011.
244973,40011.
244974,40011.
244975,40011.
244976,40011.
244977,40011.
244978,40012.
244979,40012.
244980,40012.
244981,40012.
244982,40012.
244983,40012.
244984,40013.
244985,40013.
244986,40013.
244987,40013.
244988,40013.
244989,40013.
244990,40014.
244991,40014.
244992,40014.
244993,40014.
244994,40014.
244995,40014.
245062,10052.
245063,10052.
245064,10052.
245065,10052.
246388,10052.
246389,10052.
245066,10052.
245067,10052.
245068,10052.
245069,10052.
245079,10111.
245080,10111.
245081,10111.
245082,10111.
245083,10111.
245084,10111.
245085,10111.
245086,10111.
245087,10111.
245088,10111.
245089,10111.
245090,10111.
245091,10111.
245092,10111.
245093,10111.
245094,10111.
245095,10111.
245096,10111.
245097,10111.
245098,10111.
245099,10111.
245100,10111.
245102,10111.
245103,10111.
245104,10120.
245105,10120.
245106,10120.
245107,10120.
245108,10120.
245109,10120.
245110,10120.
245111,10120.
245112,10120.
245113,10120.
245114,10120.
245115,10120.
245116,10120.
245117,10120.
245118,10120.
245119,10120.
245120,10120.
245121,10120.
245122,10120.
245123,10120.
245124,10121.
245125,10121.
245126,10121.
245127,10121.
245128,10121.
245129,10121.
245130,10121.
245131,10121.
245132,10121.
245133,10121.
245134,10121.
245135,10121.
245136,10121.
245137,10121.
245138,10121.
245139,10121.
245140,10121.
245141,10121.
245142,10121.
245143,10121.
245144,10121.
245145,10121.
245146,10121.
245147,10121.
245148,10121.
245149,10121.
245150,10121.
245151,10121.
245152,10121.
245153,10121.
245154,10121.
245155,10121.
245156,10121.
245157,10121.
245158,10121.
245159,10121.
245160,10121.
245161,10121.
245162,10121.
245163,10121.
245164,10121.
245165,10121.
245166,10121.
245167,10121.
245168,10121.
245169,10121.
245170,10121.
245171,10121.
245172,10121.
245173,10121.
245174,10121.
245175,10121.
245176,10121.
245177,10121.
245178,10122.
245179,10122.
245180,10122.
245181,10122.
245182,10122.
245183,10122.
245184,10122.
245185,10122.
245186,10122.
245187,10122.
245188,10122.
245189,10122.
245190,10122.
245191,10122.
245192,10122.
245193,10122.
245194,10122.
245195,10122.
245196,10122.
245197,10122.
245198,10122.
245199,10122.
245200,10122.
245201,10122.
245202,10122.
245203,10122.
245204,10122.
245205,10122.
245206,10122.
245207,10122.
245208,10122.
245209,10122.
245210,10122.
245211,10122.
245212,10122.
245217,45003.
245218,45003.
245219,45003.
245220,45003.
245221,45003.
245222,45003.
245223,45004.
245224,45004.
245225,45004.
245226,45004.
245227,45004.
245228,45004.
245229,45004.
245230,45004.
245231,45004.
245232,45004.
245233,45004.
245234,45004.
245235,45005.
245236,45005.
245237,45005.
245238,45005.
245239,45005.
245240,45005.
245241,45024.
245242,45024.
245243,45024.
245244,45024.
245245,45024.
245246,45024.
245247,45025.
245248,45025.
245249,45025.
245250,45025.
245251,45025.
245252,45025.
245253,45041.
245254,45041.
245255,45041.
245256,45041.
245257,45041.
245258,45041.
245259,45041.
245260,45041.
245261,45041.
245262,45041.
245263,45041.
245264,45041.
245265,45041.
245266,45041.
245267,45041.
245268,45041.
245269,45041.
245270,45041.
245271,45056.
245272,45056.
245273,45056.
245274,45056.
245275,45056.
245276,45056.
245277,45056.
245278,45056.
245279,45056.
245280,45056.
245281,45056.
245282,45056.
245283,45060.
245284,45060.
245285,45060.
245286,45060.
245287,45060.
245288,45060.
245289,45062.
245290,45062.
245291,45062.
245292,45062.
245293,45062.
245294,45062.
245295,45062.
245296,45062.
245297,45062.
245298,45062.
245299,45062.
245300,45062.
245301,45062.
245302,45062.
245303,45062.
245304,45062.
245305,45062.
245306,45062.
245307,45067.
245308,45067.
245309,45067.
245310,45067.
245311,45067.
245312,45067.
245313,45070.
245314,45070.
245315,45070.
245316,45070.
245317,45070.
245318,45070.
245319,41002.
245320,41002.
245321,41002.
245322,41002.
245323,41002.
245324,41005.
245325,41005.
245326,41005.
245327,41005.
246391,41006.
246392,41006.
246393,41006.
246394,41006.
245328,41006.
248526,48014.
248527,48014.
248528,48014.
248529,48014.
248530,48014.
248406,48018.
248407,48018.
248408,48018.
248409,48018.
248410,48018.
256191,47004.
256192,47004.
256193,47004.
256194,47004.
256195,47004.
256196,47005.
256197,47005.
256198,47005.
256199,47005.
256200,47005.
256716,60475.
256717,60475.
256718,60475.
256719,60475.
256720,60475.
256721,60475.
256166,60756.
256167,60756.
256168,60756.
256169,60756.
256170,60756.
256171,60756.
256172,60756.
256173,60756.
256174,60756.
256175,60756.
256176,60756.
256177,60756.
248385,60781.
248386,60781.
248387,60781.
248388,60781.
248389,60781.
248390,60781.
249478,45019.
249479,45019.
249480,45019.
249481,45019.
249482,45019.
249483,45019.
257644,60474.
257645,60474.
257646,60474.
257647,60474.
257648,60474.
257649,60474.
257650,60773.
257651,60773.
257652,60773.
257653,60773.
257654,60773.
257655,60773.
257656,60773.
257657,60773.
257658,60773.
257659,60773.
249484,60611.
249485,60611.
249486,60611.
249487,60611.
249488,60611.
249489,60611.
249490,60611.
249491,60611.
249492,60611.
249493,60611.
249494,60611.
249495,60611.
249520,60742.
249521,60742.
249522,60742.
249523,60742.
249524,60742.
249525,60742.
249526,60742.
249527,60742.
249528,60742.
249529,60742.
196577,24039.
196578,24039.
196579,24039.
196580,24039.
196581,24039.
196582,24039.
196583,24039.
196584,24039.
196585,24039.
196586,24039.
196587,24039.
196588,24039.
196457,351.
196458,351.
196459,351.
196460,351.
196461,351.
196462,351.
196463,351.
196464,351.
196465,351.
196466,351.
196467,351.
196468,351.
225545,772.
225546,772.
225547,772.
225548,772.
225549,772.
225550,772.
225551,772.
225552,772.
225553,772.
225554,772.
225555,772.
225556,772.
225617,773.
225618,773.
225619,773.
225620,773.
225621,773.
225622,773.
225623,773.
225624,773.
225625,773.
225626,773.
225627,773.
225628,773.
225557,798.
225558,798.
225559,798.
225560,798.
225561,798.
225562,798.
225569,798.
225570,798.
225571,798.
225572,798.
225573,798.
225574,798.
225575,798.
225576,798.
225577,798.
225578,798.
225579,798.
225580,798.
225563,798.
225564,798.
225565,798.
225566,798.
225567,798.
225568,798.
248014,46560.
247337,60614.
246976,4265.
247311,4560.
246978,4611.
247312,4917.
246981,4966.
247565,5043.
246994,5633.
246995,5634.
246996,5634.
247581,5710.
247582,5710.
246985,7448.
248003,11611.
247588,212101.
247589,212102.
247066,4322.
246893,717.
246890,822.
247759,1246.
247758,1362.
247773,47001.
247769,47009.
247687,8206.
247694,1009.
247695,1015.
247709,3768.
247708,3768.
247707,3768.
247705,3768.
247710,3768.
247704,3768.
247706,3768.
247896,5968.
247638,2305.
247629,4150.
246698,2024.
246710,58126.
246712,3540.
262494,44706.
262495,44706.
262496,44706.
262497,44706.
262498,44706.
262499,44706.
262500,44706.
262501,44706.
262502,44706.
262503,44706.
262504,44706.
262505,44706.
262506,44706.
262507,44706.
262508,44801.
262509,44801.
262510,44801.
262511,44801.
262512,44801.
262513,44801.
262514,44801.
262515,44801.
262516,44801.
262517,44801.
262518,44801.
262519,44801.
262520,44801.
262521,44801.
262522,44803.
262523,44803.
262524,44803.
262525,44803.
262526,44803.
262527,44803.
262528,44803.
262529,44803.
262530,44803.
262531,44803.
262532,44803.
262533,44803.
262534,44803.
262535,44803.
262536,44806.
262537,44806.
262538,44806.
262539,44806.
262540,44806.
262541,44806.
262542,44806.
262543,44806.
262544,44806.
262545,44806.
262546,44806.
262547,44806.
262548,44806.
262549,44806.
262550,45001.
262551,45001.
262552,45001.
262553,45001.
262554,45001.
262555,45001.
262556,45001.
262557,45001.
262558,45001.
262559,45001.
262560,45001.
262561,45001.
262562,45001.
262563,45001.
262564,45002.
262565,45002.
262566,45002.
262567,45002.
262568,45002.
262569,45002.
262570,45002.
262571,45002.
262572,45002.
262573,45002.
262574,45002.
262575,45002.
262576,45002.
262577,45002.
262578,45003.
262579,45003.
262580,45003.
262581,45003.
262582,45003.
262583,45003.
262584,45003.
262585,45003.
262586,45003.
262587,45003.
262588,45003.
262589,45003.
262590,45003.
262591,45003.
262592,45004.
262593,45004.
262594,45004.
262595,45004.
262596,45004.
262597,45004.
262598,45004.
262599,45004.
262600,45004.
262601,45004.
262602,45004.
262603,45004.
262604,45004.
262605,45004.
262606,45005.
262607,45005.
262608,45005.
262609,45005.
262610,45005.
262611,45005.
262612,45005.
262613,45005.
262614,45005.
262615,45005.
262616,45005.
262617,45005.
262618,45005.
262619,45005.
262212,2100.
262213,2100.
262214,2100.
262215,2100.
262216,2100.
262217,2100.
262218,2100.
262219,2100.
262220,2100.
262221,2100.
262222,2100.
262223,2100.
262224,2100.
262225,2100.
262226,2100.
262227,2100.
262228,2100.
262229,2100.
262230,2101.
262231,2101.
262232,2101.
262233,2101.
262234,2101.
262235,2101.
262236,2101.
262237,2101.
262238,2101.
262239,2101.
262240,2101.
262241,2101.
262242,2102.
262243,2102.
262244,2102.
262245,2102.
262246,2102.
262247,2102.
262248,2102.
262249,2102.
262250,2102.
262251,2102.
262252,2102.
262253,2102.
262254,2103.
262255,2103.
262256,2103.
262257,2103.
262258,2103.
262259,2103.
262260,2103.
262261,2103.
262262,2103.
262263,2103.
262264,2103.
262265,2103.
262266,2104.
262267,2104.
262268,2104.
262269,2104.
262270,2104.
262271,2104.
262272,2104.
262273,2104.
262274,2104.
262275,2104.
262276,2104.
262277,2104.
262278,2105.
262279,2105.
262280,2105.
262281,2105.
262282,2105.
262283,2105.
262284,2105.
262285,2105.
262286,2105.
262287,2105.
262288,2105.
262289,2105.
262320,4328.
262321,4328.
262322,4328.
262323,4328.
262324,4328.
262325,4328.
262326,4328.
262327,4328.
262328,4328.
262329,4328.
262330,4328.
262331,4328.
262392,9602.
262393,9602.
262394,9602.
262395,9602.
262396,9602.
262397,9602.
262398,9602.
262399,9602.
262400,9602.
262401,9602.
262402,9602.
262403,9602.
262404,9602.
262405,9602.
262406,9602.
262407,9602.
262408,9602.
262409,9602.
262410,9603.
262411,9603.
262412,9603.
262413,9603.
262414,9603.
262415,9603.
262416,9603.
262417,9603.
262418,9603.
262419,9603.
262420,9603.
262421,9603.
262422,9604.
262423,9604.
262424,9604.
262425,9604.
262426,9604.
262427,9604.
262428,9604.
262429,9604.
262430,9604.
262431,9604.
262432,9604.
262433,9604.
262434,9605.
262435,9605.
262436,9605.
262437,9605.
262438,9605.
262439,9605.
262440,9605.
262441,9605.
262442,9605.
262443,9605.
262444,9605.
262445,9605.
262446,9605.
262447,9605.
262448,9605.
262449,9605.
262450,9605.
262451,9605.
262452,9605.
262453,9605.
262454,9605.
262455,9605.
262456,9605.
262457,9605.
262458,9605.
262459,9605.
262460,9605.
262461,9605.
262462,9605.
262463,9605.
265261,3560.
265262,3560.
265263,3560.
265264,3560.
265265,3560.
265266,3560.
265267,3560.
265268,3560.
265269,3560.
265270,3570.
265271,3570.
265272,3570.
265273,3570.
265274,3570.
265275,3570.
265276,3570.
265277,3570.
265278,3570.
265279,3580.
265280,3580.
265281,3580.
265282,3580.
265283,3580.
265284,3580.
265285,3580.
265286,3580.
265287,3580.
265288,3590.
265289,3590.
265290,3590.
265291,3590.
265292,3590.
265293,3590.
265294,3590.
265295,3590.
265296,3590.
232327,1.
232328,1.
232329,1.
232330,1.
232331,1.
232332,2.
232333,2.
232334,2.
232335,2.
232336,2.
232337,3.
232338,3.
232339,3.
232340,3.
232341,3.
268328,51963.
268329,51963.
268330,51963.
268331,51963.
268332,51963.
268333,51963.
268334,51963.
268335,51963.
268336,51963.
268337,51963.
268338,51963.
268339,51963.
268340,51963.
268341,51963.
268342,51963.
268343,51963.
268476,55126.
268477,55126.
268478,55126.
268479,55126.
268480,55126.
268481,55126.
268482,55126.
268483,55126.
269195,349.
270001,252101.
270002,252101.
270003,252101.
270004,252101.
270005,252101.
270006,252101.
270007,252101.
270008,252101.
270009,252101.
270010,252101.
270011,252101.
270012,252101.
270013,252102.
270014,252102.
270015,252102.
270016,252102.
270017,252102.
270018,252102.
270019,252102.
270020,252102.
270021,252102.
270022,252102.
270023,252102.
270024,252102.
270025,252104.
270026,252104.
270027,252104.
270028,252104.
270029,252104.
270030,252104.
270031,252104.
270032,252104.
270033,252104.
270034,252104.
270035,252104.
270036,252104.
270037,257102.
270038,257102.
270039,257102.
270040,257102.
270041,257102.
270042,257102.
270043,257102.
270044,257102.
270045,257102.
270046,257102.
270047,257102.
270048,257102.
270049,257103.
270050,257103.
270051,257103.
270052,257103.
270053,257103.
270054,257103.
270055,257103.
270056,257103.
270057,257103.
270058,257103.
270059,257103.
270060,257103.
270061,257107.
270062,257107.
270063,257107.
270064,257107.
270065,257107.
270066,257107.
271037,51936.
271038,51936.
271039,51936.
271040,51936.
271041,51936.
271042,51936.
271043,51936.
271044,51936.
271045,51942.
271046,51942.
271047,51942.
271048,51942.
271049,51942.
271050,51942.
271051,51942.
271052,51942.
271053,51982.
271054,51982.
271055,51982.
271056,51982.
271057,51982.
271058,51982.
271059,51982.
271060,51982.
271077,54890.
271078,54890.
271079,54890.
271080,54890.
271081,54890.
271082,54890.
271083,54890.
271084,54890.
271085,54890.
271086,54890.
271087,54890.
271088,54890.
271089,54890.
271090,55220.
271091,55220.
271092,55220.
271093,55220.
271094,55220.
271095,55220.
271096,55220.
271097,55220.
271098,55220.
271099,55220.
271100,55220.
271101,55220.
271102,55220.
271103,55220.
275442,3391.
275443,3391.
275444,3391.
275445,3391.
275446,3391.
275447,3391.
275448,3391.
275449,3391.
275450,3391.
275451,3391.
275452,3391.
275453,3391.
275454,4754.
275455,4754.
275456,4754.
275457,4754.
275458,4754.
275459,4754.
275460,4754.
275461,4754.
275462,4754.
275463,4754.
275464,4754.
275465,4754.
275466,2110.
275467,2110.
275468,2110.
275469,2110.
275470,2110.
275471,2110.
275472,2110.
275473,2110.
275474,2110.
275475,2110.
275476,2110.
275477,2110.
275716,5710.
275718,1839.
275723,5622.
275736,9612.
275737,5621.
275738,1836.
275740,5187.
275745,9615
277673,10999.
277674,10999.
277675,10999.
277676,10999.
277677,10999.
277678,10999.
277679,10999.
277680,10999.
277681,10999.
277682,10999.
277683,10999.
277684,10999.
277685,10999.
277686,10999.
277834,43257.
277835,43257.
277836,43257.
277837,43257.
277838,43257.
277839,43257.
277840,43257.
277841,43257.
277842,43257.
277843,43257.
277844,43257.
277845,43257.
277846,43257.
277847,43257.
277848,43257.
277849,43257.
277850,43257.
277851,43257.
277852,43257.
277853,43257.
277854,43257.
277855,43257.
277856,43257.
277857,43257.
277858,43257.
277859,43257.
277860,43257.
277861,43257.
267339,8118.
267340,8118.
267341,8118.
267342,8118.
267343,8118.
267344,8118.
267345,8118.
267346,8118.
267347,8118.
267367,5219.
267368,5219.
277528,203.
277529,203.
277530,203.
277531,203.
277532,203.
277533,203.
277534,203.
277535,203.
277536,203.
277537,203.
277538,203.
277539,203.
277582,5044.
277583,5044.
277584,5044.
277585,5044.
277586,5044.
277587,5044.
277588,5044.
277589,5044.
277590,5044.
277591,5044.
277592,5044.
277593,5044.
277606,1150.
277607,1150.
277608,1150.
277609,1150.
277610,1150.
277611,1150.
277654,5039.
277655,5039.
277656,5039.
277657,5039.
277658,5039.
277659,5039.
277660,5039.
277661,5039.
277662,5039.
277663,5039.
277664,5039.
277665,5039.
277666,5039.
277667,5039.
277668,5039.
277669,5039.
277670,5039.
277671,5039.
279970,232248.
279971,232248.
279972,232248.
279973,232248.
279974,232248.
279975,232248.
279976,232248.
279977,232250.
279978,232250.
279979,232250.
279980,232250.
279981,232250.
279982,232250.
279983,232250.
279984,232250.
279985,232255.
279986,232255.
279987,232255.
279988,232255.
279989,232255.
279990,232255.
279991,232255.
279992,232255.
279993,232256.
279994,232256.
279995,232256.
279996,232256.
279997,232256.
279998,232256.
279999,232256.
280000,232256.
280001,232311.
280002,232311.
280003,232311.
280004,232311.
280005,232311.
280006,232311.
280007,232311.
280008,232311.
280009,232311.
280010,232311.
280011,232311.
280012,232311.
280013,232311.
280014,232311.
280015,232311.
280016,232311.
280017,232325.
280018,232325.
280019,232325.
280020,232325.
280021,232325.
280022,232325.
280023,232325.
280024,232325.
280025,232325.
280026,232325.
280027,232325.
280028,232325.
280029,232325.
280030,232325.
280031,232325.
280032,232325.
280033,232373.
280034,232373.
280035,232373.
280036,232373.
280037,232373.
280038,232373.
280039,232373.
280040,232373.
280041,232373.
280042,232373.
280043,232373.
280044,232373.
280045,232373.
280046,232373.
280047,232373.
280048,232373.
280049,232373.
280050,232373.
280051,232373.
280052,232373.
280053,232373.
280054,232373.
280055,232373.
280056,232373.
275101,7330.
275102,7330.
275103,7330.
275104,7330.
275105,7330.
275106,7332.
275107,7332.
275108,7332.
275109,7332.
275110,7332.
289679,252201.
289680,252201.
289681,252201.
289682,252201.
289683,252201.
289684,252201.
289685,252201.
289686,252201.
289687,252201.
289688,252201.
289689,252201.
289690,252201.
289691,252202.
289692,252202.
289693,252202.
289694,252202.
289695,252202.
289696,252202.
289697,252202.
289698,252202.
289699,252202.
289700,252202.
289701,252202.
289702,252202.
289745,288110.
289746,288110.
289747,288110.
289748,288110.
289749,288110.
289750,288110.
289751,288110.
289752,288110.
289753,288110.
289754,288110.
289755,288110.
289756,288110.
289793,289106.
289794,289106.
289795,289106.
289796,289106.
289797,289106.
289798,289106.
289799,289106.
289800,289106.
289801,289106.
289802,289106.
289803,289106.
289804,289106.
289805,289107.
289806,289107.
289807,289107.
289808,289107.
289809,289107.
289810,289107.
289811,289107.
289812,289107.
289813,289107.
289814,289107.
289815,289107.
289816,289107.
291225,1208.
291226,1208.
291227,1208.
291228,1208.
291229,1208.
291230,1208.
291231,1208.
291232,1208.
291233,1208.
291234,1208.
291235,1208.
291236,1208.
291237,1208.
291238,1208.
291239,1208.
291240,1208.
291241,1208.
291242,1208.
291243,1208.
291244,1208.
291245,1208.
293098,220154.
293099,220154.
293100,220154.
293101,220154.
293102,220154.
293103,220154.
293104,220154.
293105,220154.
287680,2271.
287681,2271.
287682,2271.
287683,2271.
287684,2271.
287685,2271.
287686,2271.
287687,2271.
287688,2271.
287689,2271.
287690,2271.
287691,2271.
287692,2277.
287693,2277.
287694,2277.
287695,2277.
287696,2277.
287697,2277.
287698,2277.
287699,2277.
287700,2277.
295071,6100.
296572,47404.
296573,47404.
296574,47404.
296575,47404.
296576,47404.
296577,47404.
296578,47404.
296579,47404.
296580,47404.
296581,47404.
296582,47404.
296583,47404.
296584,47404.
296585,47404.
296586,47402.
296587,47402.
296588,47402.
296589,47402.
296590,47402.
296591,47402.
296592,47402.
296593,47402.
296594,47402.
296595,47402.
296596,47402.
296597,47402.
296598,47402.
296599,47402.
296600,45005.
296601,45005.
296602,45005.
296603,45005.
296604,45005.
296605,45005.
296606,45005.
296607,45005.
296608,45005.
296609,45005.
296610,45005.
296611,45005.
296612,45005.
296613,45005.
296614,45002.
296615,45002.
296616,45002.
296617,45002.
296618,45002.
296619,45002.
296620,45002.
296621,45002.
296622,45002.
296623,45002.
296624,45002.
296625,45002.
296626,45002.
296627,45002.
296628,45001.
296629,45001.
296630,45001.
296631,45001.
296632,45001.
296633,45001.
296634,45001.
296635,45001.
296636,45001.
296637,45001.
296638,45001.
296639,45001.
296640,45001.
296641,45001.
296642,44705.
296643,44705.
296644,44705.
296645,44705.
296646,44705.
296647,44705.
296648,44705.
296649,44705.
296650,44705.
296651,44705.
296652,44705.
296653,44705.
296654,44705.
296655,44705.
296930,10302.
296931,10302.
296932,10302.
296933,10302.
296934,10302.
296935,10302.
296936,10302.
296937,10302.
296938,10302.
296939,10302.
296940,10302.
296941,10302.
296942,10302.
296943,10302.
296944,10302.
296945,10302.
296946,10302.
296947,10302.
291457,1150.
291458,1150.
291459,1150.
291460,1150.
291461,1150.
291462,1150.
291481,5039.
291482,5039.
291483,5039.
291484,5039.
291485,5039.
291486,5039.
291487,5039.
291488,5039.
291489,5039.
291490,5039.
291491,5039.
291492,5039.
291493,5039.
291494,5039.
291495,5039.
291496,5039.
291497,5039.
291498,5039.
291535,705.
291536,705.
291537,705.
291538,705.
291539,705.
291540,705.
291541,705.
291542,705.
291543,705.
291544,705.
291545,705.
291546,705.
291547,706.
291548,706.
291549,706.
291550,706.
291551,706.
291552,706.
299575,232516.
299576,232516.
299577,232516.
299578,232516.
299579,232516.
299580,232516.
299581,232516.
299582,232516.
299583,232516.
299584,232516.
299585,232516.
299586,232516.
299587,232516.
299588,232516.
299589,232516.
299590,232516.
299599,232594.
299600,232594.
299601,232594.
299602,232594.
299603,232594.
299604,232594.
299605,232594.
299606,232594.
299607,232615.
299608,232615.
299609,232615.
299610,232615.
299611,232615.
299612,232615.
299613,232615.
299614,232615.
299615,232615.
299616,232615.
299617,232615.
299618,232615.
299619,232615.
299620,232615.
299621,232615.
299622,232615.
300012,2140.
300013,2140.
300014,2140.
300015,2140.
300016,2140.
300017,2140.
300018,2140.
300019,2140.
300020,2140.
300021,2140.
300022,2140.
300023,2140.
300024,2140.
300025,2140.
300026,2140.
300027,2140.
300028,2050.
300029,2050.
300030,2050.
300031,2050.
300032,2050.
300033,2050.
300034,2050.
300035,2050.
300036,2050.
300037,2050.
300038,2050.
300039,2050.
300040,2050.
300041,2050.
300042,2050.
300311,2050.
300086,2140.
300087,2140.
300088,2140.
300089,2140.
300090,2140.
300091,2140.
300092,2140.
300093,2140.
300094,2140.
300095,2225.
300096,2225.
300097,2225.
300098,2225.
300099,2225.
300100,2225.
300101,2225.
300102,2225.
300103,2225.
300104,2225.
300105,2225.
300106,2225.
300107,2225.
300108,2225.
300109,2225.
300122,1973.
300123,1973.
300124,1973.
300125,1973.
300126,1973.
300127,1973.
300128,2050.
300129,2050.
300130,2050.
300131,2050.
300132,2050.
300133,2050.
300134,2050.
300135,2050.
300136,2050.
300172,2160.
300173,2160.
300174,2160.
300175,2160.
300176,2160.
300177,2160.
300178,2160.
300179,2160.
300180,2160.
300181,2160.
300197,2254.
300198,2254.
300199,2254.
300200,2254.
300201,2254.
300202,2254.
300203,2254.
300204,2254.
300205,2254.
300206,2254.
300207,2254.
300208,2254.
300209,2254.
300210,2254.
300211,2254.
300212,2161.
300213,2161.
300214,2161.
300215,2161.
300216,2161.
300217,2161.
300218,2161.
300219,2161.
300220,2161.
300221,2161.
300222,2103.
300223,2103.
300224,2103.
300225,2103.
300226,2103.
300227,2103.
300228,2103.
300229,2103.
300230,2103.
300231,2103.
300232,2103.
300233,2103.
300234,2103.
300235,2103.
300236,2103.
300267,2160.
300268,2160.
300269,2160.
300270,2160.
300271,2160.
299811,252101.
299812,252101.
299813,252101.
299814,252101.
299815,252101.
299816,252101.
299817,252101.
299818,252101.
299819,252101.
299820,252101.
299821,252101.
299822,252101.
299823,252104.
299824,252104.
299825,252104.
299826,252104.
299827,252104.
299828,252104.
299829,252104.
299830,252104.
299831,252104.
299832,252104.
299833,252104.
299834,252104.
299835,252106.
299836,252106.
299837,252106.
299838,252106.
299839,252106.
299840,252106.
299841,252202.
299842,252202.
299843,252202.
299844,252202.
299845,252202.
299846,252202.
299847,252202.
299848,252202.
299849,252202.
299850,252202.
299851,252202.
299852,252202.
299853,252203.
299854,252203.
299855,252203.
299856,252203.
299857,252203.
299858,252203.
299859,252203.
299860,252203.
299861,252203.
299862,252203.
299863,252203.
299864,252203.
299907,289105.
299908,289105.
299909,289105.
299910,289105.
299911,289105.
299912,289105.
299913,289105.
299914,289105.
299915,289105.
299916,289105.
299917,289105.
299918,289105.
299919,289105.
299920,289105.
299921,289105.
299922,289105.
299923,289105.
299924,289105.
299925,290201.
299926,290201.
299927,290201.
299928,290201.
299929,290201.
299930,290201.
299931,290201.
299932,290201.
299933,290201.
299934,290201.
299935,290201.
299936,290201.
299937,290202.
299938,290202.
299939,290202.
299940,290202.
299941,290202.
299942,290202.
299943,290203.
299944,290203.
299945,290203.
299946,290203.
299947,290203.
299948,290203.
299949,290203.
299950,290203.
299951,290203.
299952,290203.
299953,290203.
299954,290203.
299955,290204.
299956,290204.
299957,290204.
299958,290204.
299959,290204.
299960,290204.
299961,290205.
299962,290205.
299963,290205.
299964,290205.
299965,290205.
299966,290205.
299967,290205.
299968,290205.
299969,290205.
299970,290205.
299971,290205.
299972,290205.
299973,290206.
299974,290206.
299975,290206.
299976,290206.
299977,290206.
299978,290206.
299979,290206.
299980,290206.
299981,290206.
299982,290206.
299983,290206.
299984,290206.
293214,2268.
293215,2268.
293216,2268.
293217,2268.
293218,2268.
293219,2268.
293220,2268.
293221,2268.
293222,2268.
293223,2268.
293224,2268.
293225,2268.
293226,2268.
293227,2268.
293228,2278.
293229,2278.
293230,2278.
293231,2278.
293232,2278.
293233,2278.
293234,2278.
293235,2278.
293236,2278.
293237,2278.
293238,2278.
293239,2278.
293240,2278.
293241,2278.
293242,2278.
293243,2278.
293244,2278.
293245,2278.
293246,2278.
293247,2278.
293248,2278.
300277,75241.
300278,75241.
303942,320.
303943,320.
303944,320.
303945,320.
303946,320.
303947,320.
303948,320.
303949,320.
303950,320.
303951,320.
303952,320.
303953,320.
304020,505.
304021,505.
304022,505.
304023,505.
304024,505.
304025,505.
304026,5051.
304027,5051.
304028,5051.
304029,5051.
304030,5051.
304031,5051.
304032,5051.
304033,5051.
304034,5051.
304035,5051.
304036,5051.
304037,5051.
304350,24019.
304351,24018.
304352,24017.
308306,2380.
308307,2380.
308308,2380.
308309,2380.
308310,2380.
308311,2380.
308312,2380.
308313,2380.
312439,1252.
312440,1252.
312441,1252.
312442,1252.
312443,1252.
312444,1252.
312445,1252.
312446,1252.
312447,1252.
312448,1252.
312449,1252.
312450,1252.
312451,1252.
312452,1252.
312453,1252.
312454,1252.
312455,1252.
312456,1252.
312487,5352.
312488,5352.
312489,5352.
312490,5352.
312491,5352.
312492,5352.
312493,5352.
312494,5352.
312495,5352.
312496,5352.
312497,5352.
312498,5352.
312499,757.
312500,757.
312501,757.
312502,757.
312503,757.
312504,757.
312505,757.
312506,757.
312507,757.
312508,757.
312509,757.
312510,757.
312511,757.
312512,757.
312513,757.
312514,757.
312515,757.
312516,757.
312517,7752.
312518,7752.
312519,7752.
312520,7752.
312521,7752.
312522,7752.
312532,6852.
312533,6852.
312534,6852.
312535,6852.
312536,6852.
312537,6852.
312538,6852.
312539,6852.
312540,6852.
314355,2365.
314356,2365.
314357,2365.
314358,2365.
314359,2365.
314360,2365.
314361,2365.
314362,2365.
314363,2365.
314364,2365.
314365,2365.
314366,2365.
318135,52007.
318136,52007.
318137,52007.
323939,6852.
323940,6852.
323941,6852.
326725,2243.
326726,2243.
326727,2243.
326728,2243.
326729,2243.
326730,2243.
326731,2243.
326732,2243.
326733,2243.
326734,2243.
326735,2243.
326736,2243.
326737,2243.
326738,2243.
326739,2243.
326740,2243.
326741,2243.
326742,2243.
326743,2348.
326744,2348.
326745,2348.
326746,2348.
326747,2348.
326748,2348.
326749,2348.
326750,2348.
326751,2348.
326752,2348.
326753,2348.
326754,2348.
326755,2348.
326756,2348.
326757,2348.
326758,2348.
326759,2348.
326760,2348.
326761,2348.
326762,2348.
326763,2348.
326764,2348.
326765,2348.
326766,2348.
326803,2439.
326804,2439.
326805,2439.
326806,2439.
326807,2439.
326808,2439.
326809,2445.
326810,2445.
326811,2445.
326812,2445.
326813,2445.
326814,2445.
326815,2402.
326816,2402.
326817,2402.
326818,2402.
326819,2402.
326820,2402.
326821,2402.
326822,2402.
326823,2402.
326824,2402.
326825,2402.
326826,2402.
326827,2402.
326828,2402.
326829,2402.
326830,2402.
326831,2402.
326832,2402.
275745,275745.
295071,295071.
196725,196725.
196721,43275.