old_id,new_id
1,1.
2,2.
3,3.
38,38.
89,89.
101,101.
105,105.
113,113.
118,118.
133,133.
161,161.
165,165.
167,167.
202,202.
203,203.
206,206.
223,223.
235,235.
240,240.
242,242.
242,242.
245,245.
258,258.
300,300.
301,301.
302,302.
312,312.
314,314.
315,315.
320,320.
323,323.
337,337.
349,349.
351,351.
372,372.
375,375.
397,397.
404,404.
465,465.
475,475.
479,479.
484,484.
485,485.
486,486.
487,487.
500,500.
501,501.
504,504.
505,505.
510,510.
512,512.
519,519.
532,532.
535,535.
540,540.
545,545.
548,548.
550,550.
553,553.
560,560.
575,575.
585,585.
603,603.
606,606.
616,616.
617,617.
705,705.
706,706.
717,717.
727,727.
757,757.
763,763.
772,772.
773,773.
798,798.
822,822.
874,874.
879,879.
900,900.
910,910.
911,911.
969,969.
975,975.
976,976.
979,979.
982,982.
983,983.
1009,1009.
1015,1015.
1020,1020.
1022,1022.
1100,1100.
1101,1101.
1111,1111.
1150,1150.
1165,1165.
1166,1166.
1208,1208.
1246,1246.
1251,1251.
1252,1252.
1317,1317.
1319,1319.
1362,1362.
1416,1416.
1447,1447.
1450,1450.
1452,1452.
1453,1453.
1480,1480.
1511,1511.
1546,1546.
1550,1550.
1579,1579.
1582,1582.
1587,1587.
1590,1590.
1591,1591.
1592,1592.
1594,1594.
1596,1596.
1597,1597.
1598,1598.
1600,1600.
1601,1601.
1602,1602.
1605,1605.
1607,1607.
1609,1609.
1610,1610.
1611,1611.
1614,1614.
1615,1615.
1617,1617.
1618,1618.
1621,1621.
1622,1622.
1625,1625.
1626,1626.
1628,1628.
1629,1629.
1630,1630.
1631,1631.
1635,1635.
1638,1638.
1639,1639.
1643,1643.
1660,1660.
1663,1663.
1664,1664.
1665,1665.
1666,1666.
1668,1668.
1669,1669.
1670,1670.
1671,1671.
1672,1672.
1673,1673.
1674,1674.
1676,1676.
1677,1677.
1678,1678.
1679,1679.
1680,1680.
1681,1681.
1682,1682.
1683,1683.
1684,1684.
1685,1685.
1700,1700.
1701,1701.
1703,1703.
1705,1705.
1707,1707.
1709,1709.
1710,1710.
1718,1718.
1721,1721.
1736,1736.
1740,1740.
1741,1741.
1742,1742.
1743,1743.
1744,1744.
1746,1746.
1747,1747.
1751,1751.
1756,1756.
1757,1757.
1758,1758.
1759,1759.
1760,1760.
1764,1764.
1765,1765.
1770,1770.
1771,1771.
1773,1773.
1778,1778.
1779,1779.
1780,1780.
1781,1781.
1782,1782.
1784,1784.
1785,1785.
1786,1786.
1787,1787.
1788,1788.
1789,1789.
1791,1791.
1793,1793.
1800,1800.
1802,1802.
1803,1803.
1810,1810.
1811,1811.
1812,1812.
1813,1813.
1814,1814.
1815,1815.
1816,1816.
1817,1817.
1822,1822.
1824,1824.
1825,1825.
1826,1826.
1829,1829.
1830,1830.
1832,1832.
1833,1833.
1835,1835.
1836,1836.
1837,1837.
1839,1839.
1840,1840.
1841,1841.
1842,1842.
1843,1843.
1844,1844.
1848,1848.
1850,1850.
1851,1851.
1852,1852.
1854,1854.
1855,1855.
1856,1856.
1858,1858.
1867,1867.
1869,1869.
1871,1871.
1874,1874.
1876,1876.
1879,1879.
1884,1884.
1885,1885.
1886,1886.
1887,1887.
1888,1888.
1889,1889.
1892,1892.
1893,1893.
1894,1894.
1895,1895.
1896,1896.
1898,1898.
1899,1899.
1900,1900.
1901,1901.
1902,1902.
1903,1903.
1904,1904.
1905,1905.
1906,1906.
1907,1907.
1910,1910.
1914,1914.
1915,1915.
1916,1916.
1917,1917.
1919,1919.
1920,1920.
1923,1923.
1925,1925.
1926,1926.
1929,1929.
1930,1930.
1933,1933.
1934,1934.
1935,1935.
1936,1936.
1939,1939.
1941,1941.
1942,1942.
1945,1945.
1949,1949.
1951,1951.
1952,1952.
1960,1960.
1961,1961.
1962,1962.
1963,1963.
1964,1964.
1965,1965.
1966,1966.
1967,1967.
1968,1968.
1973,1973.
1990,1990.
2000,2000.
2003,2003.
2005,2005.
2014,2014.
2024,2024.
2050,2050.
2100,2100.
2101,2101.
2102,2102.
2103,2103.
2104,2104.
2105,2105.
2110,2110.
2133,2133.
2140,2140.
2160,2160.
2161,2161.
2189,2189.
2213,2213.
2216,2216.
2217,2217.
2225,2225.
2243,2243.
2254,2254.
2268,2268.
2271,2271.
2277,2277.
2278,2278.
2305,2305.
2348,2348.
2365,2365.
2366,2366.
2380,2380.
2402,2402.
2407,2407.
2409,2409.
2422,2422.
2439,2439.
2445,2445.
2500,2500.
2510,2510.
2511,2511.
2513,2513.
2515,2515.
2516,2516.
2518,2518.
2519,2519.
2520,2520.
2522,2522.
2524,2524.
2525,2525.
2526,2526.
2527,2527.
2528,2528.
2529,2529.
2536,2536.
2540,2540.
2541,2541.
2543,2543.
2551,2551.
2563,2563.
2564,2564.
2567,2567.
2571,2571.
2575,2575.
2580,2580.
2582,2582.
2583,2583.
2584,2584.
2587,2587.
2591,2591.
2601,2601.
2603,2603.
2608,2608.
2609,2609.
2613,2613.
2615,2615.
2618,2618.
2620,2620.
2621,2621.
2623,2623.
2624,2624.
2627,2627.
2636,2636.
2637,2637.
2641,2641.
2646,2646.
2655,2655.
2656,2656.
2660,2660.
2661,2661.
2663,2663.
2664,2664.
2665,2665.
2679,2679.
2680,2680.
2682,2682.
2685,2685.
2689,2689.
2692,2692.
2702,2702.
2730,2730.
2731,2731.
2732,2732.
2767,2767.
2769,2769.
2822,2822.
2865,2865.
2879,2879.
3325,3325.
3326,3326.
3333,3333.
3391,3391.
3473,3473.
3489,3489.
3518,3518.
3523,3523.
3526,3526.
3534,3534.
3540,3540.
3542,3542.
3544,3544.
3548,3548.
3551,3551.
3554,3554.
3556,3556.
3560,3560.
3562,3562.
3569,3569.
3570,3570.
3572,3572.
3580,3580.
3581,3581.
3590,3590.
3592,3592.
3594,3594.
3597,3597.
3607,3607.
3609,3609.
3646,3646.
3755,3755.
3757,3757.
3760,3760.
3762,3762.
3763,3763.
3767,3767.
3768,3768.
3776,3776.
3777,3777.
3780,3780.
3782,3782.
3783,3783.
3788,3788.
3790,3790.
3791,3791.
3792,3792.
3793,3793.
3796,3796.
3797,3797.
3798,3798.
3799,3799.
4015,4015.
4150,4150.
4151,4151.
4265,4265.
4302,4302.
4316,4316.
4317,4317.
4322,4322.
4328,4328.
4450,4450.
4465,4465.
4474,4474.
4476,4476.
4483,4483.
4484,4484.
4485,4485.
4560,4560.
4603,4603.
4611,4611.
4635,4635.
4754,4754.
4760,4760.
4812,4812.
4853,4853.
4916,4916.
4917,4917.
4954,4954.
4961,4961.
4966,4966.
5009,5009.
5013,5013.
5017,5017.
5039,5039.
5043,5043.
5044,5044.
5045,5045.
5051,5051.
5106,5106.
5187,5187.
5205,5205.
5219,5219.
5352,5352.
5355,5355.
5360,5360.
5621,5621.
5622,5622.
5633,5633.
5634,5634.
5695,5695.
5696,5696.
5700,5700.
5710,5710.
5712,5712.
5716,5716.
5717,5717.
5968,5968.
6100,6100.
6259,6259.
6455,6455.
6535,6535.
6561,6561.
6565,6565.
6570,6570.
6585,6585.
6601,6601.
6604,6604.
6610,6610.
6611,6611.
6666,6666.
6841,6841.
6842,6842.
6851,6851.
6852,6852.
6872,6872.
6883,6883.
6901,6901.
6902,6902.
6903,6903.
6904,6904.
6905,6905.
6906,6906.
6954,6954.
7001,7001.
7019,7019.
7020,7020.
7023,7023.
7102,7102.
7150,7150.
7188,7188.
7222,7222.
7313,7313.
7318,7318.
7330,7330.
7332,7332.
7333,7333.
7448,7448.
7604,7604.
7633,7633.
7637,7637.
7654,7654.
7657,7657.
7677,7677.
7686,7686.
7687,7687.
7705,7705.
7722,7722.
7727,7727.
7741,7741.
7752,7752.
7754,7754.
7757,7757.
7790,7790.
7793,7793.
7815,7815.
8113,8113.
8116,8116.
8118,8118.
8171,8171.
8206,8206.
8268,8268.
8301,8301.
8302,8302.
8352,8352.
8353,8353.
8354,8354.
8356,8356.
8359,8359.
8536,8536.
8537,8537.
8569,8569.
8871,8871.
8883,8883.
8983,8983.
9004,9004.
9009,9009.
9027,9027.
9040,9040.
9044,9044.
9057,9057.
9059,9059.
9066,9066.
9067,9067.
9068,9068.
9069,9069.
9070,9070.
9071,9071.
9075,9075.
9153,9153.
9156,9156.
9157,9157.
9158,9158.
9160,9160.
9161,9161.
9163,9163.
9164,9164.
9165,9165.
9166,9166.
9168,9168.
9169,9169.
9170,9170.
9330,9330.
9331,9331.
9332,9332.
9334,9334.
9335,9335.
9338,9338.
9339,9339.
9387,9387.
9396,9396.
9401,9401.
9402,9402.
9414,9414.
9511,9511.
9602,9602.
9603,9603.
9604,9604.
9605,9605.
9612,9612.
9615,9615.
9701,9701.
9710,9710.
9711,9711.
9712,9712.
9715,9715.
9724,9724.
9725,9725.
9729,9729.
9903,9903.
9947,9947.
10001,10001.
10002,10002.
10005,10005.
10011,10011.
10014,10014.
10018,10018.
10020,10020.
10023,10023.
10024,10024.
10025,10025.
10027,10027.
10029,10029.
10036,10036.
10039,10039.
10040,10040.
10041,10041.
10042,10042.
10044,10044.
10045,10045.
10047,10047.
10049,10049.
10051,10051.
10052,10052.
10058,10058.
10059,10059.
10061,10061.
10062,10062.
10067,10067.
10069,10069.
10074,10074.
10078,10078.
10083,10083.
10085,10085.
10090,10090.
10091,10091.
10094,10094.
10102,10102.
10106,10106.
10108,10108.
10111,10111.
10120,10120.
10121,10121.
10122,10122.
10126,10126.
10302,10302.
10811,10811.
10909,10909.
10999,10999.
11100,11100.
11101,11101.
11513,11513.
11611,11611.
12002,12002.
12003,12003.
12006,12006.
12009,12009.
12010,12010.
12019,12019.
12022,12022.
12024,12024.
12026,12026.
12027,12027.
12038,12038.
12039,12039.
12041,12041.
12045,12045.
12504,12504.
12607,12607.
12758,12758.
12761,12761.
13106,13106.
13276,13276.
14002,14002.
14003,14003.
14569,14569.
14591,14591.
15022,15022.
15103,15103.
15107,15107.
15126,15126.
15127,15127.
15131,15131.
15133,15133.
15134,15134.
15138,15138.
15499,15499.
15513,15513.
15600,15600.
15749,15749.
15751,15751.
15758,15758.
15765,15765.
15808,15808.
15900,15900.
15901,15901.
15903,15903.
15906,15906.
15915,15915.
15918,15918.
15925,15925.
15954,15954.
16008,16008.
16015,16015.
16017,16017.
16027,16027.
16037,16037.
16038,16038.
16042,16042.
16050,16050.
16052,16052.
16053,16053.
16054,16054.
16055,16055.
16056,16056.
16063,16063.
16076,16076.
16078,16078.
16084,16084.
16085,16085.
16089,16089.
16099,16099.
16114,16114.
16117,16117.
16376,16376.
16701,16701.
16901,16901.
17111,17111.
18001,18001.
18003,18003.
18004,18004.
18007,18007.
18017,18017.
18026,18026.
18033,18033.
18036,18036.
18040,18040.
18046,18046.
18051,18051.
18054,18054.
18061,18061.
18120,18120.
18145,18145.
18185,18185.
18201,18201.
18424,18424.
18425,18425.
18451,18451.
18499,18499.
18545,18545.
19001,19001.
19002,19002.
19003,19003.
20167,20167.
20168,20168.
20169,20169.
20170,20170.
20188,20188.
20189,20189.
20962,20962.
21205,21205.
21207,21207.
21212,21212.
21213,21213.
21244,21244.
21247,21247.
21285,21285.
21429,21429.
21452,21452.
21556,21556.
21613,21613.
21629,21629.
21662,21662.
21690,21690.
21776,21776.
22001,22001.
22016,22016.
22039,22039.
22049,22049.
22057,22057.
22084,22084.
22086,22086.
22096,22096.
22111,22111.
22153,22153.
22214,22214.
22234,22234.
22235,22235.
22241,22241.
22501,22501.
22502,22502.
22506,22506.
22511,22511.
22770,22770.
23080,23080.
23358,23358.
23448,23448.
23501,23501.
23506,23506.
23592,23592.
23601,23601.
23606,23606.
23628,23628.
23630,23630.
24017,24017.
24018,24018.
24019,24019.
24039,24039.
24085,24085.
24105,24105.
24174,24174.
24253,24253.
24258,24258.
24259,24259.
24260,24260.
24423,24423.
24426,24426.
24435,24435.
24500,24500.
24543,24543.
24795,24795.
24800,24800.
24801,24801.
24802,24802.
24803,24803.
24804,24804.
24805,24805.
24806,24806.
24807,24807.
24810,24810.
24811,24811.
24812,24812.
24847,24847.
25181,25181.
25278,25278.
25281,25281.
25286,25286.
25287,25287.
25304,25304.
25318,25318.
25321,25321.
25347,25347.
25523,25523.
25524,25524.
25569,25569.
25571,25571.
25572,25572.
25624,25624.
25697,25697.
25703,25703.
25705,25705.
25750,25750.
25919,25919.
26395,26395.
26406,26406.
26454,26454.
26544,26544.
26697,26697.
26801,26801.
26895,26895.
26965,26965.
27001,27001.
27029,27029.
27031,27031.
27114,27114.
27126,27126.
27141,27141.
27142,27142.
27143,27143.
27144,27144.
27145,27145.
27146,27146.
27147,27147.
27148,27148.
27149,27149.
27150,27150.
27151,27151.
27152,27152.
27153,27153.
27154,27154.
27155,27155.
27156,27156.
27157,27157.
27159,27159.
27163,27163.
27164,27164.
27169,27169.
27170,27170.
27172,27172.
27173,27173.
27174,27174.
27175,27175.
27176,27176.
27207,27207.
27219,27219.
27266,27266.
27272,27272.
27280,27280.
27283,27283.
27293,27293.
27296,27296.
27319,27319.
27329,27329.
27330,27330.
27608,27608.
27619,27619.
27620,27620.
27621,27621.
27622,27622.
27624,27624.
27626,27626.
27660,27660.
27661,27661.
27663,27663.
27665,27665.
27666,27666.
27667,27667.
27668,27668.
27669,27669.
27670,27670.
27671,27671.
27672,27672.
27674,27674.
27675,27675.
27676,27676.
27720,27720.
27802,27802.
27803,27803.
27903,27903.
27907,27907.
27908,27908.
27910,27910.
27957,27957.
28234,28234.
28306,28306.
28390,28390.
28394,28394.
28604,28604.
28605,28605.
28611,28611.
28622,28622.
28640,28640.
28641,28641.
28648,28648.
28742,28742.
28747,28747.
28757,28757.
28814,28814.
28918,28918.
28921,28921.
28964,28964.
29003,29003.
29008,29008.
29012,29012.
29132,29132.
29136,29136.
29146,29146.
29147,29147.
29149,29149.
29151,29151.
29208,29208.
29216,29216.
29218,29218.
29220,29220.
29222,29222.
29229,29229.
29235,29235.
29270,29270.
29283,29283.
29284,29284.
29299,29299.
29300,29300.
29318,29318.
29319,29319.
29330,29330.
29331,29331.
29388,29388.
29413,29413.
29421,29421.
29433,29433.
29609,29609.
29687,29687.
29690,29690.
29693,29693.
29694,29694.
29695,29695.
29698,29698.
29699,29699.
29718,29718.
29723,29723.
29724,29724.
29726,29726.
29730,29730.
29732,29732.
29734,29734.
29735,29735.
29750,29750.
29755,29755.
29764,29764.
29765,29765.
29790,29790.
29793,29793.
29799,29799.
29805,29805.
29810,29810.
29811,29811.
29813,29813.
29814,29814.
29819,29819.
29823,29823.
29827,29827.
29828,29828.
29829,29829.
29831,29831.
29834,29834.
29838,29838.
29847,29847.
29848,29848.
29850,29850.
29853,29853.
29854,29854.
29856,29856.
29859,29859.
29879,29879.
29880,29880.
29883,29883.
29884,29884.
29891,29891.
29911,29911.
29914,29914.
29924,29924.
29931,29931.
29933,29933.
29934,29934.
29935,29935.
29937,29937.
29945,29945.
29947,29947.
29948,29948.
29949,29949.
29950,29950.
29952,29952.
29955,29955.
29962,29962.
29964,29964.
29968,29968.
29979,29979.
29981,29981.
29984,29984.
29985,29985.
29994,29994.
30009,30009.
30011,30011.
30023,30023.
30025,30025.
30044,30044.
30052,30052.
30056,30056.
30057,30057.
30068,30068.
30073,30073.
30085,30085.
30086,30086.
30087,30087.
30088,30088.
30093,30093.
30096,30096.
30100,30100.
30101,30101.
30102,30102.
30105,30105.
30106,30106.
30108,30108.
30131,30131.
30138,30138.
30147,30147.
30153,30153.
30157,30157.
30159,30159.
30161,30161.
30170,30170.
30171,30171.
30172,30172.
30174,30174.
30175,30175.
30177,30177.
30179,30179.
30184,30184.
30185,30185.
30186,30186.
30188,30188.
30190,30190.
30191,30191.
30192,30192.
30196,30196.
30197,30197.
30198,30198.
30199,30199.
30200,30200.
30203,30203.
30204,30204.
30205,30205.
30206,30206.
30207,30207.
30208,30208.
30209,30209.
30210,30210.
30211,30211.
30212,30212.
30213,30213.
30217,30217.
30219,30219.
30222,30222.
30223,30223.
30224,30224.
30225,30225.
30226,30226.
30227,30227.
30228,30228.
30229,30229.
30230,30230.
30231,30231.
30232,30232.
30234,30234.
30235,30235.
30236,30236.
30237,30237.
30238,30238.
30239,30239.
30241,30241.
30244,30244.
30245,30245.
30247,30247.
30250,30250.
30258,30258.
30259,30259.
30270,30270.
30275,30275.
30276,30276.
30277,30277.
30278,30278.
30279,30279.
30280,30280.
30281,30281.
30282,30282.
30284,30284.
30285,30285.
30286,30286.
30287,30287.
30288,30288.
30292,30292.
30293,30293.
30298,30298.
30301,30301.
30305,30305.
30306,30306.
30307,30307.
30308,30308.
30309,30309.
30310,30310.
30311,30311.
30312,30312.
30313,30313.
30314,30314.
30315,30315.
30317,30317.
30318,30318.
30326,30326.
30341,30341.
30342,30342.
30352,30352.
30357,30357.
30358,30358.
30359,30359.
30361,30361.
30367,30367.
30368,30368.
30369,30369.
30371,30371.
30372,30372.
30373,30373.
30374,30374.
30378,30378.
30400,30400.
30415,30415.
30416,30416.
30417,30417.
30418,30418.
30419,30419.
30446,30446.
30447,30447.
30448,30448.
30450,30450.
30452,30452.
30453,30453.
30455,30455.
30456,30456.
30461,30461.
30470,30470.
30473,30473.
30474,30474.
30476,30476.
30480,30480.
30481,30481.
30482,30482.
30484,30484.
30487,30487.
30493,30493.
30499,30499.
30517,30517.
30541,30541.
30543,30543.
30577,30577.
30578,30578.
30579,30579.
30580,30580.
30581,30581.
30582,30582.
30586,30586.
30587,30587.
30590,30590.
30591,30591.
30607,30607.
30608,30608.
30610,30610.
30626,30626.
30627,30627.
30646,30646.
30787,30787.
30788,30788.
30796,30796.
30799,30799.
30800,30800.
30802,30802.
30804,30804.
30806,30806.
30812,30812.
30816,30816.
30819,30819.
30833,30833.
30843,30843.
30846,30846.
30854,30854.
30857,30857.
30858,30858.
30879,30879.
30892,30892.
30895,30895.
30896,30896.
30898,30898.
30901,30901.
30902,30902.
30903,30903.
30904,30904.
30909,30909.
30911,30911.
30928,30928.
30932,30932.
30933,30933.
30935,30935.
30939,30939.
30951,30951.
30954,30954.
30955,30955.
30967,30967.
30970,30970.
30971,30971.
30976,30976.
30978,30978.
30979,30979.
30981,30981.
30982,30982.
30988,30988.
31008,31008.
31012,31012.
31014,31014.
31020,31020.
31022,31022.
31025,31025.
31032,31032.
31036,31036.
31039,31039.
31040,31040.
31041,31041.
31042,31042.
31045,31045.
31064,31064.
31067,31067.
31068,31068.
31072,31072.
31073,31073.
31129,31129.
31131,31131.
31142,31142.
31160,31160.
31166,31166.
31168,31168.
31169,31169.
31170,31170.
31174,31174.
31175,31175.
31180,31180.
31184,31184.
31188,31188.
31196,31196.
31198,31198.
31202,31202.
31204,31204.
31205,31205.
31250,31250.
31269,31269.
31272,31272.
31273,31273.
31275,31275.
31277,31277.
31279,31279.
31280,31280.
31282,31282.
31290,31290.
31292,31292.
31298,31298.
31302,31302.
31303,31303.
31307,31307.
31309,31309.
31311,31311.
31313,31313.
31315,31315.
31333,31333.
31342,31342.
31356,31356.
31357,31357.
31375,31375.
31376,31376.
31377,31377.
31381,31381.
31383,31383.
31385,31385.
31386,31386.
31389,31389.
31391,31391.
31392,31392.
31393,31393.
31395,31395.
31398,31398.
31410,31410.
31450,31450.
31513,31513.
31514,31514.
31515,31515.
31518,31518.
31523,31523.
31524,31524.
31525,31525.
31536,31536.
31537,31537.
31540,31540.
31542,31542.
31544,31544.
31547,31547.
31556,31556.
31567,31567.
31568,31568.
31569,31569.
31570,31570.
31574,31574.
31586,31586.
31595,31595.
31597,31597.
31599,31599.
31601,31601.
31602,31602.
31603,31603.
31605,31605.
31609,31609.
31611,31611.
31613,31613.
31614,31614.
31617,31617.
31618,31618.
31619,31619.
31621,31621.
31622,31622.
31624,31624.
31628,31628.
31633,31633.
31636,31636.
31638,31638.
31642,31642.
31647,31647.
31650,31650.
31654,31654.
31655,31655.
31660,31660.
31662,31662.
31665,31665.
31668,31668.
31670,31670.
31671,31671.
31672,31672.
31674,31674.
31675,31675.
31676,31676.
31677,31677.
31678,31678.
31682,31682.
31684,31684.
31685,31685.
31687,31687.
31688,31688.
31691,31691.
31693,31693.
31695,31695.
31696,31696.
31699,31699.
31705,31705.
31708,31708.
31709,31709.
31710,31710.
31714,31714.
31715,31715.
31716,31716.
31717,31717.
31718,31718.
31719,31719.
31720,31720.
31721,31721.
31723,31723.
31724,31724.
31725,31725.
31726,31726.
31736,31736.
31746,31746.
31758,31758.
31760,31760.
31761,31761.
31762,31762.
31763,31763.
31765,31765.
31767,31767.
31768,31768.
31770,31770.
31771,31771.
31773,31773.
31784,31784.
31788,31788.
31790,31790.
31791,31791.
31834,31834.
31835,31835.
31836,31836.
31837,31837.
31838,31838.
31839,31839.
31840,31840.
31841,31841.
31842,31842.
31843,31843.
31844,31844.
31845,31845.
31850,31850.
31851,31851.
31854,31854.
31856,31856.
31859,31859.
31860,31860.
31906,31906.
32012,32012.
32017,32017.
32024,32024.
32028,32028.
32032,32032.
32033,32033.
32035,32035.
32039,32039.
32041,32041.
32044,32044.
32047,32047.
32048,32048.
32049,32049.
32050,32050.
32051,32051.
32052,32052.
32053,32053.
32056,32056.
32057,32057.
32060,32060.
32067,32067.
32068,32068.
32072,32072.
32074,32074.
32080,32080.
32081,32081.
32083,32083.
32084,32084.
32087,32087.
32088,32088.
32089,32089.
32091,32091.
32096,32096.
32097,32097.
32099,32099.
32102,32102.
32103,32103.
32106,32106.
32121,32121.
32124,32124.
32125,32125.
32127,32127.
32128,32128.
32129,32129.
32130,32130.
32131,32131.
32132,32132.
32133,32133.
32164,32164.
32165,32165.
32174,32174.
32219,32219.
32221,32221.
32223,32223.
32229,32229.
32232,32232.
32241,32241.
32243,32243.
32250,32250.
32251,32251.
32253,32253.
32254,32254.
32256,32256.
32260,32260.
32267,32267.
32269,32269.
32275,32275.
32280,32280.
32290,32290.
32444,32444.
32452,32452.
32455,32455.
32458,32458.
32459,32459.
32477,32477.
32478,32478.
32479,32479.
32480,32480.
32482,32482.
32511,32511.
32527,32527.
32528,32528.
32533,32533.
32534,32534.
32535,32535.
32536,32536.
32537,32537.
32541,32541.
32542,32542.
32544,32544.
32545,32545.
32558,32558.
32561,32561.
32563,32563.
32590,32590.
32596,32596.
32606,32606.
32609,32609.
32611,32611.
32612,32612.
32616,32616.
32617,32617.
32618,32618.
32621,32621.
32622,32622.
32626,32626.
32627,32627.
32628,32628.
32665,32665.
32666,32666.
32671,32671.
32672,32672.
32673,32673.
32697,32697.
32699,32699.
32700,32700.
32701,32701.
32716,32716.
32717,32717.
32718,32718.
32719,32719.
32724,32724.
32754,32754.
32755,32755.
32756,32756.
32763,32763.
32768,32768.
32807,32807.
32809,32809.
32813,32813.
32816,32816.
32817,32817.
32818,32818.
32820,32820.
32822,32822.
32825,32825.
32827,32827.
32829,32829.
32835,32835.
32842,32842.
32846,32846.
32847,32847.
32851,32851.
32854,32854.
32862,32862.
32870,32870.
32878,32878.
32883,32883.
32884,32884.
32885,32885.
32889,32889.
32894,32894.
32896,32896.
32898,32898.
32901,32901.
32909,32909.
32924,32924.
32925,32925.
32949,32949.
32952,32952.
32958,32958.
32959,32959.
32966,32966.
32971,32971.
32974,32974.
32993,32993.
33003,33003.
33034,33034.
33035,33035.
33050,33050.
33051,33051.
33055,33055.
33057,33057.
33072,33072.
33074,33074.
33075,33075.
33078,33078.
33084,33084.
33092,33092.
33100,33100.
33103,33103.
33105,33105.
33172,33172.
33173,33173.
33175,33175.
33176,33176.
33177,33177.
33179,33179.
33180,33180.
33181,33181.
33182,33182.
33185,33185.
33186,33186.
33189,33189.
33190,33190.
33191,33191.
33192,33192.
33193,33193.
33194,33194.
33195,33195.
33196,33196.
33197,33197.
33198,33198.
33199,33199.
33203,33203.
33204,33204.
33205,33205.
33206,33206.
33207,33207.
33208,33208.
33209,33209.
33212,33212.
33655,33655.
33671,33671.
33863,33863.
33872,33872.
33928,33928.
33931,33931.
33954,33954.
33955,33955.
33956,33956.
33957,33957.
34024,34024.
34026,34026.
34701,34701.
34801,34801.
35251,35251.
36780,36780.
37606,37606.
37702,37702.
40004,40004.
40007,40007.
40011,40011.
40012,40012.
40013,40013.
40014,40014.
40030,40030.
40031,40031.
40035,40035.
40038,40038.
40039,40039.
40044,40044.
40047,40047.
40048,40048.
40059,40059.
40060,40060.
40073,40073.
40078,40078.
40081,40081.
40083,40083.
40084,40084.
40093,40093.
40095,40095.
40114,40114.
40118,40118.
40119,40119.
40121,40121.
40122,40122.
40124,40124.
40126,40126.
40127,40127.
40139,40139.
40147,40147.
40148,40148.
40153,40153.
40156,40156.
40163,40163.
40165,40165.
40607,40607.
40621,40621.
40622,40622.
40625,40625.
40627,40627.
40701,40701.
40703,40703.
41002,41002.
41005,41005.
41006,41006.
41009,41009.
41016,41016.
41021,41021.
41047,41047.
41060,41060.
41071,41071.
41105,41105.
41108,41108.
41604,41604.
41611,41611.
41612,41612.
41613,41613.
41801,41801.
42008,42008.
42012,42012.
42013,42013.
42014,42014.
42020,42020.
42022,42022.
42023,42023.
42024,42024.
42032,42032.
42034,42034.
42038,42038.
42040,42040.
42044,42044.
42049,42049.
42051,42051.
42054,42054.
42060,42060.
42076,42076.
42077,42077.
42091,42091.
42092,42092.
42093,42093.
42702,42702.
42703,42703.
42801,42801.
42803,42803.
42807,42807.
42901,42901.
42904,42904.
42905,42905.
42907,42907.
43000,43000.
43001,43001.
43003,43003.
43101,43101.
43103,43103.
43205,43205.
43257,43257.
43275,43275.
43279,43279.
43286,43286.
43287,43287.
43298,43298.
43301,43301.
43302,43302.
43305,43305.
43360,43360.
43390,43390.
43402,43402.
43403,43403.
43404,43404.
43501,43501.
43502,43502.
43503,43503.
43637,43637.
43671,43671.
43676,43676.
43678,43678.
43691,43691.
43705,43705.
44011,44011.
44019,44019.
44025,44025.
44034,44034.
44064,44064.
44112,44112.
44126,44126.
44139,44139.
44140,44140.
44141,44141.
44146,44146.
44148,44148.
44152,44152.
44153,44153.
44154,44154.
44165,44165.
44180,44180.
44187,44187.
44189,44189.
44191,44191.
44306,44306.
44308,44308.
44705,44705.
44706,44706.
44801,44801.
44803,44803.
44806,44806.
45000,45000.
45001,45001.
45002,45002.
45003,45003.
45004,45004.
45005,45005.
45006,45006.
45014,45014.
45018,45018.
45019,45019.
45024,45024.
45025,45025.
45026,45026.
45030,45030.
45031,45031.
45033,45033.
45035,45035.
45036,45036.
45037,45037.
45041,45041.
45044,45044.
45047,45047.
45048,45048.
45056,45056.
45058,45058.
45060,45060.
45062,45062.
45064,45064.
45066,45066.
45067,45067.
45069,45069.
45070,45070.
45072,45072.
45074,45074.
45079,45079.
45081,45081.
45082,45082.
45086,45086.
45088,45088.
45090,45090.
45096,45096.
45098,45098.
45100,45100.
45102,45102.
45105,45105.
45106,45106.
45109,45109.
45112,45112.
45115,45115.
45116,45116.
45123,45123.
45125,45125.
45126,45126.
45128,45128.
45130,45130.
45131,45131.
45133,45133.
45134,45134.
45142,45142.
45160,45160.
45163,45163.
45164,45164.
45166,45166.
45167,45167.
45168,45168.
45170,45170.
45174,45174.
45176,45176.
45177,45177.
45178,45178.
45180,45180.
45181,45181.
45182,45182.
45199,45199.
45200,45200.
45202,45202.
45203,45203.
45204,45204.
45205,45205.
45206,45206.
45208,45208.
45209,45209.
45210,45210.
45211,45211.
45212,45212.
45214,45214.
45221,45221.
45222,45222.
45227,45227.
45229,45229.
45249,45249.
45250,45250.
45252,45252.
45255,45255.
45258,45258.
45262,45262.
45266,45266.
45267,45267.
45270,45270.
45289,45289.
45301,45301.
45302,45302.
45303,45303.
45304,45304.
45305,45305.
45306,45306.
45307,45307.
45315,45315.
45317,45317.
45318,45318.
45325,45325.
45341,45341.
45343,45343.
45345,45345.
45347,45347.
45349,45349.
45351,45351.
45353,45353.
45635,45635.
45712,45712.
45740,45740.
45771,45771.
45801,45801.
45832,45832.
45836,45836.
45862,45862.
45866,45866.
45893,45893.
45895,45895.
45954,45954.
45987,45987.
46001,46001.
46002,46002.
46006,46006.
46007,46007.
46008,46008.
46009,46009.
46010,46010.
46011,46011.
46012,46012.
46013,46013.
46014,46014.
46015,46015.
46017,46017.
46018,46018.
46019,46019.
46020,46020.
46021,46021.
46022,46022.
46023,46023.
46028,46028.
46029,46029.
46030,46030.
46032,46032.
46033,46033.
46034,46034.
46035,46035.
46036,46036.
46037,46037.
46038,46038.
46039,46039.
46041,46041.
46046,46046.
46047,46047.
46218,46218.
46467,46467.
46560,46560.
47001,47001.
47003,47003.
47004,47004.
47005,47005.
47009,47009.
47022,47022.
47024,47024.
47025,47025.
47026,47026.
47027,47027.
47033,47033.
47034,47034.
47106,47106.
47107,47107.
47108,47108.
47402,47402.
47404,47404.
48007,48007.
48009,48009.
48011,48011.
48014,48014.
48015,48015.
48018,48018.
48024,48024.
48031,48031.
48036,48036.
48037,48037.
48038,48038.
48044,48044.
48047,48047.
48048,48048.
48067,48067.
48142,48142.
48143,48143.
48144,48144.
48151,48151.
48155,48155.
48158,48158.
48159,48159.
48166,48166.
48168,48168.
48169,48169.
48177,48177.
48180,48180.
49000,49000.
49001,49001.
49002,49002.
49003,49003.
49004,49004.
49007,49007.
49008,49008.
49009,49009.
49011,49011.
49016,49016.
49019,49019.
49022,49022.
49023,49023.
49024,49024.
49025,49025.
49029,49029.
49032,49032.
49033,49033.
49034,49034.
49035,49035.
49038,49038.
49040,49040.
49042,49042.
49043,49043.
49044,49044.
49047,49047.
49060,49060.
49067,49067.
49068,49068.
49069,49069.
49072,49072.
49079,49079.
49085,49085.
49098,49098.
49099,49099.
49100,49100.
49101,49101.
49102,49102.
49105,49105.
49107,49107.
49114,49114.
49126,49126.
49138,49138.
49139,49139.
49140,49140.
49141,49141.
49142,49142.
49143,49143.
49146,49146.
49148,49148.
49149,49149.
49150,49150.
49151,49151.
49156,49156.
49157,49157.
49159,49159.
49160,49160.
49161,49161.
49162,49162.
49163,49163.
49164,49164.
49165,49165.
49166,49166.
49167,49167.
49168,49168.
49169,49169.
49174,49174.
49175,49175.
49178,49178.
49182,49182.
49187,49187.
49190,49190.
49203,49203.
49207,49207.
49208,49208.
49209,49209.
49219,49219.
49220,49220.
49223,49223.
49225,49225.
49228,49228.
49232,49232.
49233,49233.
49235,49235.
49237,49237.
49241,49241.
49242,49242.
49243,49243.
49245,49245.
49250,49250.
49251,49251.
50071,50071.
50162,50162.
50260,50260.
50296,50296.
50414,50414.
50532,50532.
50546,50546.
50555,50555.
50721,50721.
50759,50759.
50764,50764.
50801,50801.
50844,50844.
50915,50915.
50987,50987.
50992,50992.
51012,51012.
51030,51030.
51032,51032.
51054,51054.
51062,51062.
51106,51106.
51110,51110.
51118,51118.
51119,51119.
51124,51124.
51130,51130.
51132,51132.
51143,51143.
51144,51144.
51149,51149.
51162,51162.
51193,51193.
51194,51194.
51197,51197.
51215,51215.
51216,51216.
51218,51218.
51219,51219.
51232,51232.
51233,51233.
51238,51238.
51239,51239.
51240,51240.
51241,51241.
51242,51242.
51243,51243.
51245,51245.
51262,51262.
51263,51263.
51274,51274.
51275,51275.
51276,51276.
51284,51284.
51285,51285.
51289,51289.
51298,51298.
51301,51301.
51337,51337.
51338,51338.
51362,51362.
51363,51363.
51368,51368.
51400,51400.
51402,51402.
51536,51536.
51546,51546.
51547,51547.
51569,51569.
51718,51718.
51720,51720.
51721,51721.
51728,51728.
51729,51729.
51807,51807.
51811,51811.
51902,51902.
51909,51909.
51932,51932.
51936,51936.
51942,51942.
51963,51963.
51982,51982.
52007,52007.
52013,52013.
52074,52074.
52395,52395.
52458,52458.
52502,52502.
52504,52504.
52506,52506.
52507,52507.
52508,52508.
52529,52529.
52531,52531.
52539,52539.
52541,52541.
52551,52551.
52558,52558.
52559,52559.
52605,52605.
52608,52608.
52649,52649.
52663,52663.
52745,52745.
52757,52757.
52773,52773.
52775,52775.
52776,52776.
52829,52829.
52852,52852.
52863,52863.
52865,52865.
52868,52868.
52874,52874.
52885,52885.
52913,52913.
52935,52935.
52936,52936.
52945,52945.
52961,52961.
52962,52962.
54012,54012.
54013,54013.
54017,54017.
54018,54018.
54155,54155.
54158,54158.
54159,54159.
54171,54171.
54175,54175.
54256,54256.
54260,54260.
54490,54490.
54600,54600.
54609,54609.
54626,54626.
54629,54629.
54631,54631.
54636,54636.
54641,54641.
54665,54665.
54667,54667.
54681,54681.
54682,54682.
54683,54683.
54684,54684.
54730,54730.
54738,54738.
54843,54843.
54890,54890.
55103,55103.
55126,55126.
55163,55163.
55164,55164.
55167,55167.
55190,55190.
55192,55192.
55220,55220.
55352,55352.
55377,55377.
55500,55500.
55501,55501.
55502,55502.
55503,55503.
55504,55504.
55509,55509.
55510,55510.
55513,55513.
55522,55522.
55523,55523.
56464,56464.
57387,57387.
57957,57957.
58126,58126.
58361,58361.
58362,58362.
58629,58629.
60245,60245.
60339,60339.
60380,60380.
60401,60401.
60474,60474.
60475,60475.
60481,60481.
60611,60611.
60614,60614.
60742,60742.
60755,60755.
60756,60756.
60757,60757.
60758,60758.
60768,60768.
60773,60773.
60775,60775.
60776,60776.
60781,60781.
60782,60782.
60813,60813.
60818,60818.
60822,60822.
60827,60827.
60839,60839.
60846,60846.
60857,60857.
60864,60864.
61258,61258.
61259,61259.
61414,61414.
61502,61502.
65391,65391.
65773,65773.
65780,65780.
65781,65781.
65817,65817.
65891,65891.
66070,66070.
66150,66150.
66297,66297.
66891,66891.
67323,67323.
67334,67334.
67341,67341.
67363,67363.
67547,67547.
69068,69068.
69100,69100.
69101,69101.
69429,69429.
69461,69461.
69698,69698.
70012,70012.
70031,70031.
70034,70034.
71127,71127.
71130,71130.
71135,71135.
71362,71362.
72294,72294.
73468,73468.
74136,74136.
74137,74137.
74140,74140.
74141,74141.
74142,74142.
74143,74143.
74145,74145.
74147,74147.
74186,74186.
74246,74246.
75241,75241.
76620,76620.
80000,80000.
80001,80001.
80002,80002.
80003,80003.
80004,80004.
80005,80005.
80006,80006.
80007,80007.
80008,80008.
80009,80009.
80010,80010.
80012,80012.
80015,80015.
80016,80016.
80017,80017.
80018,80018.
80019,80019.
80020,80020.
80022,80022.
80023,80023.
80024,80024.
80025,80025.
80026,80026.
80027,80027.
80028,80028.
80029,80029.
80030,80030.
80032,80032.
80033,80033.
80034,80034.
80035,80035.
80036,80036.
80037,80037.
80038,80038.
80039,80039.
80040,80040.
80041,80041.
80042,80042.
80043,80043.
80044,80044.
80045,80045.
80046,80046.
80047,80047.
80048,80048.
80049,80049.
80051,80051.
80052,80052.
80054,80054.
80055,80055.
80057,80057.
80058,80058.
80060,80060.
80061,80061.
80062,80062.
80065,80065.
80066,80066.
80068,80068.
80069,80069.
80071,80071.
80074,80074.
80075,80075.
80076,80076.
80079,80079.
80080,80080.
80081,80081.
80082,80082.
80084,80084.
80086,80086.
80087,80087.
80088,80088.
80089,80089.
80090,80090.
80096,80096.
80099,80099.
80100,80100.
80102,80102.
80103,80103.
80107,80107.
80109,80109.
80112,80112.
80113,80113.
80114,80114.
80115,80115.
80116,80116.
80118,80118.
80119,80119.
80120,80120.
80123,80123.
80126,80126.
80129,80129.
80130,80130.
80134,80134.
80136,80136.
80139,80139.
80142,80142.
80143,80143.
80150,80150.
80151,80151.
80153,80153.
80155,80155.
80169,80169.
80170,80170.
80171,80171.
80175,80175.
80179,80179.
80183,80183.
80184,80184.
80189,80189.
80193,80193.
80197,80197.
80201,80201.
80202,80202.
80208,80208.
80209,80209.
80213,80213.
80215,80215.
80216,80216.
80217,80217.
80218,80218.
80219,80219.
80220,80220.
80221,80221.
80223,80223.
80225,80225.
80230,80230.
80232,80232.
80233,80233.
80235,80235.
80237,80237.
80239,80239.
80244,80244.
80245,80245.
80247,80247.
80252,80252.
80255,80255.
80256,80256.
80257,80257.
80258,80258.
80259,80259.
80260,80260.
80261,80261.
80262,80262.
80263,80263.
80265,80265.
80266,80266.
80267,80267.
80268,80268.
80269,80269.
80271,80271.
80272,80272.
80276,80276.
80283,80283.
80305,80305.
80310,80310.
80311,80311.
80312,80312.
80313,80313.
80314,80314.
80315,80315.
80316,80316.
80318,80318.
80319,80319.
80320,80320.
80322,80322.
80347,80347.
80364,80364.
80365,80365.
80366,80366.
80367,80367.
80368,80368.
80369,80369.
80370,80370.
80372,80372.
80374,80374.
80375,80375.
80378,80378.
80379,80379.
80380,80380.
80384,80384.
80385,80385.
80389,80389.
80390,80390.
80398,80398.
80409,80409.
80416,80416.
80422,80422.
80501,80501.
80502,80502.
80503,80503.
80504,80504.
80505,80505.
80506,80506.
80507,80507.
80508,80508.
81000,81000.
81007,81007.
81010,81010.
81013,81013.
81015,81015.
81016,81016.
81022,81022.
81023,81023.
81025,81025.
81034,81034.
81035,81035.
81037,81037.
81038,81038.
81039,81039.
81040,81040.
81042,81042.
81046,81046.
81051,81051.
81054,81054.
81057,81057.
81059,81059.
81065,81065.
81066,81066.
81067,81067.
81072,81072.
81075,81075.
81076,81076.
81083,81083.
81088,81088.
81092,81092.
81094,81094.
81098,81098.
81101,81101.
81102,81102.
81103,81103.
81110,81110.
81116,81116.
81118,81118.
81120,81120.
81121,81121.
81123,81123.
81124,81124.
81126,81126.
81127,81127.
81130,81130.
81131,81131.
81132,81132.
81139,81139.
81141,81141.
81142,81142.
81149,81149.
81151,81151.
81159,81159.
81168,81168.
81171,81171.
81174,81174.
81180,81180.
81182,81182.
81205,81205.
81310,81310.
81334,81334.
81435,81435.
81502,81502.
81504,81504.
82000,82000.
82001,82001.
82003,82003.
82004,82004.
82007,82007.
82010,82010.
82011,82011.
82012,82012.
82014,82014.
82016,82016.
82017,82017.
82018,82018.
82021,82021.
82022,82022.
82025,82025.
82033,82033.
82035,82035.
82067,82067.
82075,82075.
82076,82076.
82079,82079.
82087,82087.
82092,82092.
82098,82098.
82100,82100.
82107,82107.
82112,82112.
82114,82114.
82118,82118.
82124,82124.
82126,82126.
82131,82131.
82142,82142.
82143,82143.
82146,82146.
82147,82147.
82157,82157.
82160,82160.
82174,82174.
82175,82175.
82198,82198.
82401,82401.
82402,82402.
82406,82406.
82407,82407.
82408,82408.
82409,82409.
82410,82410.
82411,82411.
82412,82412.
82501,82501.
82502,82502.
82503,82503.
82601,82601.
82701,82701.
82801,82801.
83000,83000.
83001,83001.
83002,83002.
83004,83004.
83007,83007.
83011,83011.
83012,83012.
83013,83013.
83015,83015.
83016,83016.
83017,83017.
83018,83018.
83019,83019.
83020,83020.
83021,83021.
83022,83022.
83023,83023.
83025,83025.
83027,83027.
83028,83028.
83038,83038.
83039,83039.
83040,83040.
83042,83042.
83044,83044.
83050,83050.
83051,83051.
83055,83055.
83056,83056.
83058,83058.
83059,83059.
83061,83061.
83062,83062.
83065,83065.
83066,83066.
83083,83083.
83084,83084.
83085,83085.
83086,83086.
83090,83090.
83094,83094.
83095,83095.
83097,83097.
83102,83102.
83103,83103.
83104,83104.
83251,83251.
83252,83252.
83403,83403.
83404,83404.
83409,83409.
83501,83501.
83550,83550.
83551,83551.
83552,83552.
83553,83553.
83555,83555.
83556,83556.
83558,83558.
83559,83559.
83560,83560.
83561,83561.
83562,83562.
83563,83563.
83564,83564.
83585,83585.
83588,83588.
83590,83590.
83605,83605.
83610,83610.
83700,83700.
83701,83701.
83704,83704.
83706,83706.
83708,83708.
83709,83709.
83710,83710.
83714,83714.
83715,83715.
83716,83716.
83717,83717.
83719,83719.
83721,83721.
83723,83723.
83726,83726.
83729,83729.
83730,83730.
83731,83731.
83737,83737.
83738,83738.
83742,83742.
83751,83751.
83752,83752.
83753,83753.
83754,83754.
83756,83756.
83775,83775.
83788,83788.
83796,83796.
83801,83801.
83901,83901.
84000,84000.
84002,84002.
84003,84003.
84004,84004.
84006,84006.
84007,84007.
84008,84008.
84010,84010.
84011,84011.
84012,84012.
84013,84013.
84014,84014.
84015,84015.
84018,84018.
84019,84019.
84021,84021.
84022,84022.
84023,84023.
84024,84024.
84026,84026.
84027,84027.
84028,84028.
84030,84030.
84032,84032.
84038,84038.
84039,84039.
84040,84040.
84041,84041.
84042,84042.
84043,84043.
84046,84046.
84047,84047.
84048,84048.
84050,84050.
84051,84051.
84054,84054.
84055,84055.
84056,84056.
84059,84059.
84060,84060.
84061,84061.
84062,84062.
84063,84063.
84064,84064.
84066,84066.
84067,84067.
84069,84069.
84070,84070.
84071,84071.
84072,84072.
84073,84073.
84074,84074.
84075,84075.
84077,84077.
84079,84079.
84080,84080.
84083,84083.
84085,84085.
84087,84087.
84088,84088.
84090,84090.
84092,84092.
84093,84093.
84096,84096.
84099,84099.
84100,84100.
84103,84103.
84104,84104.
84105,84105.
84106,84106.
84107,84107.
84108,84108.
84109,84109.
84110,84110.
84111,84111.
84113,84113.
84116,84116.
84119,84119.
84120,84120.
84122,84122.
84124,84124.
84125,84125.
84126,84126.
84128,84128.
84129,84129.
84131,84131.
84132,84132.
84133,84133.
84138,84138.
84139,84139.
84140,84140.
84141,84141.
84146,84146.
84147,84147.
84148,84148.
84149,84149.
84150,84150.
84151,84151.
84152,84152.
84153,84153.
84154,84154.
84155,84155.
84156,84156.
84157,84157.
84159,84159.
84160,84160.
84164,84164.
84168,84168.
84171,84171.
84172,84172.
84173,84173.
84174,84174.
84175,84175.
84178,84178.
84179,84179.
84180,84180.
84181,84181.
84182,84182.
84183,84183.
84184,84184.
84185,84185.
84186,84186.
84187,84187.
84188,84188.
84189,84189.
84190,84190.
84191,84191.
84192,84192.
84196,84196.
84199,84199.
84213,84213.
84214,84214.
84216,84216.
84234,84234.
84237,84237.
84238,84238.
84242,84242.
84243,84243.
84244,84244.
84245,84245.
84246,84246.
84247,84247.
84251,84251.
84252,84252.
84253,84253.
84254,84254.
84255,84255.
84257,84257.
84258,84258.
84259,84259.
84260,84260.
84266,84266.
84268,84268.
84270,84270.
84271,84271.
84274,84274.
84275,84275.
84279,84279.
84288,84288.
84297,84297.
84301,84301.
84305,84305.
84307,84307.
84311,84311.
84313,84313.
84317,84317.
84319,84319.
84320,84320.
84321,84321.
84323,84323.
84325,84325.
84326,84326.
84328,84328.
84330,84330.
84331,84331.
84333,84333.
84334,84334.
84335,84335.
84336,84336.
84337,84337.
84338,84338.
84341,84341.
84342,84342.
84343,84343.
84344,84344.
84345,84345.
84348,84348.
84349,84349.
84350,84350.
84362,84362.
84367,84367.
84393,84393.
84395,84395.
84403,84403.
84405,84405.
84408,84408.
84409,84409.
84410,84410.
84411,84411.
84414,84414.
84416,84416.
84427,84427.
84428,84428.
84430,84430.
84431,84431.
84432,84432.
84433,84433.
84434,84434.
84435,84435.
84436,84436.
84437,84437.
84438,84438.
84439,84439.
84440,84440.
84442,84442.
84461,84461.
84462,84462.
84464,84464.
84466,84466.
84468,84468.
84469,84469.
84470,84470.
84471,84471.
84473,84473.
84474,84474.
84475,84475.
84476,84476.
84480,84480.
84481,84481.
84487,84487.
84488,84488.
84489,84489.
84494,84494.
84500,84500.
84506,84506.
84507,84507.
84508,84508.
84509,84509.
84510,84510.
84511,84511.
84512,84512.
84514,84514.
84515,84515.
84519,84519.
84520,84520.
84521,84521.
84522,84522.
84524,84524.
84526,84526.
84527,84527.
84529,84529.
84530,84530.
84531,84531.
84532,84532.
84536,84536.
84537,84537.
84538,84538.
84540,84540.
84541,84541.
84542,84542.
84543,84543.
84544,84544.
84545,84545.
84547,84547.
84548,84548.
84565,84565.
84567,84567.
85003,85003.
85004,85004.
86000,86000.
86002,86002.
86003,86003.
86004,86004.
86005,86005.
86007,86007.
86008,86008.
86011,86011.
86017,86017.
86022,86022.
86025,86025.
86028,86028.
86031,86031.
86035,86035.
86036,86036.
86037,86037.
86038,86038.
86040,86040.
86051,86051.
86056,86056.
86057,86057.
86062,86062.
86063,86063.
86065,86065.
86067,86067.
86068,86068.
86069,86069.
86071,86071.
86072,86072.
86074,86074.
86076,86076.
86078,86078.
86081,86081.
86087,86087.
86089,86089.
86090,86090.
86091,86091.
86092,86092.
86098,86098.
86103,86103.
86104,86104.
86111,86111.
86118,86118.
86121,86121.
86123,86123.
86124,86124.
86125,86125.
86127,86127.
86135,86135.
86156,86156.
86159,86159.
86161,86161.
86163,86163.
86165,86165.
86169,86169.
86170,86170.
86172,86172.
86173,86173.
86175,86175.
86177,86177.
86178,86178.
86180,86180.
86183,86183.
86184,86184.
86188,86188.
86193,86193.
86195,86195.
86196,86196.
86198,86198.
86199,86199.
86200,86200.
86202,86202.
86204,86204.
86205,86205.
86211,86211.
86217,86217.
86240,86240.
86255,86255.
86303,86303.
86702,86702.
86705,86705.
86807,86807.
87000,87000.
87001,87001.
87002,87002.
87003,87003.
87004,87004.
87005,87005.
87006,87006.
87007,87007.
87008,87008.
87009,87009.
87011,87011.
87012,87012.
87013,87013.
87014,87014.
87015,87015.
87016,87016.
87017,87017.
87018,87018.
87019,87019.
87020,87020.
87022,87022.
87024,87024.
87025,87025.
87026,87026.
87031,87031.
87032,87032.
87035,87035.
87037,87037.
87044,87044.
87048,87048.
87049,87049.
87051,87051.
87052,87052.
87053,87053.
87060,87060.
87062,87062.
87502,87502.
87503,87503.
87504,87504.
87512,87512.
87524,87524.
87525,87525.
87527,87527.
87601,87601.
87602,87602.
87604,87604.
87605,87605.
87608,87608.
87611,87611.
87613,87613.
87621,87621.
87625,87625.
87627,87627.
89575,89575.
89611,89611.
90103,90103.
90107,90107.
90109,90109.
90111,90111.
90112,90112.
90113,90113.
90115,90115.
90116,90116.
90119,90119.
90120,90120.
90121,90121.
90122,90122.
90123,90123.
90125,90125.
90126,90126.
90127,90127.
90128,90128.
90129,90129.
90130,90130.
90152,90152.
90153,90153.
90401,90401.
90402,90402.
90403,90403.
90404,90404.
90407,90407.
90416,90416.
90417,90417.
90418,90418.
90419,90419.
90420,90420.
90426,90426.
90434,90434.
90435,90435.
90436,90436.
90438,90438.
90443,90443.
90444,90444.
90502,90502.
90503,90503.
90505,90505.
90507,90507.
90508,90508.
90509,90509.
90510,90510.
90511,90511.
90513,90513.
90514,90514.
90517,90517.
90519,90519.
90520,90520.
90521,90521.
90522,90522.
90523,90523.
90533,90533.
90534,90534.
90535,90535.
90537,90537.
90538,90538.
90540,90540.
90600,90600.
90606,90606.
90610,90610.
90611,90611.
90613,90613.
90614,90614.
90615,90615.
90616,90616.
90617,90617.
90618,90618.
90619,90619.
90620,90620.
90621,90621.
90625,90625.
90628,90628.
90629,90629.
90638,90638.
90640,90640.
90650,90650.
90654,90654.
90659,90659.
90660,90660.
90661,90661.
90678,90678.
90679,90679.
90680,90680.
90682,90682.
90685,90685.
90686,90686.
90687,90687.
90689,90689.
90693,90693.
90694,90694.
90695,90695.
90697,90697.
90698,90698.
90699,90699.
90700,90700.
90701,90701.
90702,90702.
90703,90703.
90705,90705.
90706,90706.
90707,90707.
90709,90709.
90710,90710.
90712,90712.
90713,90713.
90714,90714.
90715,90715.
90718,90718.
90719,90719.
90720,90720.
90721,90721.
90722,90722.
90723,90723.
90724,90724.
90725,90725.
90726,90726.
90727,90727.
90728,90728.
90739,90739.
90742,90742.
90743,90743.
90746,90746.
90747,90747.
90748,90748.
90769,90769.
90770,90770.
90771,90771.
90772,90772.
90773,90773.
90850,90850.
90868,90868.
90886,90886.
90887,90887.
90893,90893.
90899,90899.
90903,90903.
90904,90904.
90905,90905.
91441,91441.
95354,95354.
95356,95356.
95380,95380.
95390,95390.
100565,100565.
100931,100931.
100942,100942.
100953,100953.
100960,100960.
100962,100962.
104132,104132.
107378,107378.
110402,110402.
110403,110403.
110501,110501.
110502,110502.
110602,110602.
110603,110603.
110701,110701.
110702,110702.
110704,110704.
110801,110801.
110802,110802.
110803,110803.
110804,110804.
110901,110901.
110902,110902.
110903,110903.
110923,110923.
111004,111004.
111106,111106.
111402,111402.
111403,111403.
111404,111404.
111501,111501.
111502,111502.
111504,111504.
113013,113013.
113104,113104.
113233,113233.
117036,117036.
117151,117151.
117153,117153.
117409,117409.
117411,117411.
117452,117452.
117454,117454.
117456,117456.
117457,117457.
117502,117502.
117505,117505.
118000,118000.
118002,118002.
118003,118003.
118051,118051.
118052,118052.
118108,118108.
118110,118110.
118306,118306.
118308,118308.
118401,118401.
118405,118405.
118409,118409.
118503,118503.
118601,118601.
118603,118603.
118605,118605.
118606,118606.
118631,118631.
118674,118674.
118802,118802.
118803,118803.
118804,118804.
118851,118851.
118901,118901.
118904,118904.
118907,118907.
119001,119001.
119002,119002.
119103,119103.
119104,119104.
119202,119202.
119303,119303.
119401,119401.
119504,119504.
119505,119505.
119602,119602.
119903,119903.
121978,121978.
122107,122107.
122108,122108.
122110,122110.
122111,122111.
122112,122112.
122115,122115.
122116,122116.
124002,124002.
124022,124022.
125103,125103.
125106,125106.
125901,125901.
125902,125902.
126101,126101.
126102,126102.
126104,126104.
126107,126107.
126109,126109.
126701,126701.
126703,126703.
126704,126704.
128010,128010.
128040,128040.
130002,130002.
130622,130622.
130623,130623.
130625,130625.
130634,130634.
130635,130635.
130641,130641.
130642,130642.
130643,130643.
130653,130653.
130823,130823.
130825,130825.
131261,131261.
131263,131263.
131281,131281.
131285,131285.
131286,131286.
131403,131403.
131505,131505.
131664,131664.
131665,131665.
131776,131776.
131787,131787.
131909,131909.
131951,131951.
131952,131952.
131953,131953.
131954,131954.
131955,131955.
131956,131956.
131993,131993.
131994,131994.
132001,132001.
132035,132035.
132201,132201.
132202,132202.
132203,132203.
132205,132205.
132206,132206.
132207,132207.
132213,132213.
132214,132214.
132215,132215.
132216,132216.
132217,132217.
132218,132218.
132402,132402.
132452,132452.
132453,132453.
132507,132507.
132508,132508.
132509,132509.
132510,132510.
132511,132511.
132701,132701.
132702,132702.
132703,132703.
132704,132704.
132706,132706.
132801,132801.
132802,132802.
132803,132803.
132804,132804.
132805,132805.
132807,132807.
132824,132824.
132853,132853.
132901,132901.
133003,133003.
133105,133105.
133303,133303.
133304,133304.
133305,133305.
133381,133381.
133392,133392.
133403,133403.
133404,133404.
133405,133405.
133451,133451.
135101,135101.
135102,135102.
135103,135103.
135104,135104.
136113,136113.
136201,136201.
138101,138101.
138104,138104.
140000,140000.
140001,140001.
140003,140003.
140023,140023.
140029,140029.
140117,140117.
140119,140119.
140860,140860.
140906,140906.
140907,140907.
140908,140908.
141001,141001.
141002,141002.
141003,141003.
141004,141004.
141104,141104.
141108,141108.
141109,141109.
141502,141502.
141603,141603.
141604,141604.
141607,141607.
141613,141613.
141615,141615.
141617,141617.
141619,141619.
141633,141633.
141637,141637.
141639,141639.
141643,141643.
141663,141663.
141665,141665.
141669,141669.
141671,141671.
141673,141673.
141697,141697.
141699,141699.
141707,141707.
141711,141711.
141715,141715.
141717,141717.
141725,141725.
141801,141801.
141802,141802.
148103,148103.
149009,149009.
149014,149014.
149110,149110.
149111,149111.
149221,149221.
149341,149341.
150401,150401.
151015,151015.
151017,151017.
151021,151021.
151023,151023.
151047,151047.
151069,151069.
151071,151071.
151073,151073.
151083,151083.
151085,151085.
151087,151087.
151091,151091.
151093,151093.
151095,151095.
151097,151097.
151099,151099.
151101,151101.
151103,151103.
151105,151105.
151106,151106.
151108,151108.
151110,151110.
151115,151115.
151119,151119.
151121,151121.
151123,151123.
151127,151127.
151133,151133.
151135,151135.
151137,151137.
151201,151201.
151202,151202.
161601,161601.
161602,161602.
164103,164103.
166001,166001.
168102,168102.
169104,169104.
169105,169105.
169107,169107.
173021,173021.
173402,173402.
173403,173403.
173404,173404.
173701,173701.
175035,175035.
175039,175039.
175078,175078.
175101,175101.
175102,175102.
179101,179101.
182102,182102.
184142,184142.
184143,184143.
184188,184188.
190251,190251.
190252,190252.
190302,190302.
190501,190501.
190602,190602.
190603,190603.
192074,192074.
192078,192078.
192079,192079.
194050,194050.
194072,194072.
194073,194073.
194074,194074.
194075,194075.
194076,194076.
194077,194077.
194108,194108.
194226,194226.
194227,194227.
194228,194228.
194250,194250.
197101,197101.
197102,197102.
198101,198101.
198102,198102.
198104,198104.
198106,198106.
200104,200104.
200105,200105.
200106,200106.
200115,200115.
200134,200134.
200135,200135.
200136,200136.
202104,202104.
204071,204071.
204106,204106.
204738,204738.
204754,204754.
209102,209102.
209103,209103.
209106,209106.
209107,209107.
209116,209116.
209121,209121.
209135,209135.
209138,209138.
209139,209139.
210029,210029.
210098,210098.
210154,210154.
210275,210275.
210281,210281.
210359,210359.
210432,210432.
210437,210437.
210459,210459.
210494,210494.
210574,210574.
210575,210575.
210620,210620.
212101,212101.
212102,212102.
215105,215105.
215106,215106.
216000,216000.
216001,216001.
216010,216010.
216011,216011.
216015,216015.
216027,216027.
216116,216116.
216202,216202.
216208,216208.
216259,216259.
216264,216264.
216281,216281.
216404,216404.
216408,216408.
216432,216432.
216480,216480.
216481,216481.
216482,216482.
216483,216483.
216484,216484.
216485,216485.
216491,216491.
216623,216623.
220000,220000.
220005,220005.
220007,220007.
220013,220013.
220035,220035.
220039,220039.
220061,220061.
220070,220070.
220086,220086.
220154,220154.
220321,220321.
220322,220322.
220329,220329.
220536,220536.
220721,220721.
226101,226101.
226102,226102.
226103,226103.
226109,226109.
226201,226201.
226203,226203.
232011,232011.
232040,232040.
232043,232043.
232048,232048.
232056,232056.
232060,232060.
232061,232061.
232104,232104.
232107,232107.
232168,232168.
232201,232201.
232248,232248.
232250,232250.
232255,232255.
232256,232256.
232290,232290.
232311,232311.
232325,232325.
232373,232373.
232377,232377.
232394,232394.
232395,232395.
232455,232455.
232516,232516.
232594,232594.
232615,232615.
233101,233101.
237032,237032.
237043,237043.
237121,237121.
237128,237128.
237132,237132.
237141,237141.
237206,237206.
237353,237353.
239102,239102.
240106,240106.
240107,240107.
240201,240201.
240205,240205.
240301,240301.
240402,240402.
240403,240403.
245101,245101.
252101,252101.
252102,252102.
252104,252104.
252106,252106.
252201,252201.
252202,252202.
252203,252203.
257102,257102.
257103,257103.
257107,257107.
265102,265102.
265104,265104.
265105,265105.
273103,273103.
273104,273104.
273202,273202.
274102,274102.
274103,274103.
274105,274105.
274106,274106.
282101,282101.
282102,282102.
282104,282104.
288110,288110.
289105,289105.
289106,289106.
289107,289107.
290106,290106.
290201,290201.
290202,290202.
290203,290203.
290204,290204.
290205,290205.
290206,290206.
299101,299101.
299102,299102.
323245,323245.
001,1.
010,10.
011,11.
014,14.
018,18.
002,2.
021,21.
025,25.
003,3.
034,34.
037,37.
038,38.
004,4.
045,45.
050,50.
060,60.
062,62.
089,89.